source,split,image_path,filename,true_style,true_label,type,predicted_style,predicted_label,top_confidence,second_style,second_confidence,confidence_margin,loss,correct,prob_formal,prob_gothic,prob_sporty,prob_streetwear,wrong_prediction,high_loss,low_margin,low_confidence,boundary_pair,candidate_for_manual_review
split_style_train,train,..\dataset\split_style\train\formal\jacket_formal_jacket_001.png,jacket_formal_jacket_001.png,formal,0,,formal,0,0.6590182781219482,sporty,0.2149220108985901,0.44409626722335815,0.4170040190219879,True,0.6590183,0.027543303,0.21492201,0.098516375,False,False,False,False,False,False
split_style_train,train,..\dataset\split_style\train\formal\jacket_formal_jacket_003.png,jacket_formal_jacket_003.png,formal,0,,formal,0,0.8654724955558777,streetwear,0.08063017576932907,0.7848423197865486,0.1444796472787857,True,0.8654725,0.0057825358,0.048114717,0.080630176,False,False,False,False,True,False
split_style_train,train,..\dataset\split_style\train\formal\jacket_formal_jacket_004.png,jacket_formal_jacket_004.png,formal,0,,formal,0,0.9180875420570374,sporty,0.039724092930555344,0.878363449126482,0.0854625403881073,True,0.91808754,0.015201296,0.039724093,0.026987052,False,False,False,False,False,False
split_style_train,train,..\dataset\split_style\train\formal\jacket_formal_jacket_005.png,jacket_formal_jacket_005.png,formal,0,,formal,0,0.9486240148544312,streetwear,0.025413986295461655,0.9232100285589695,0.052742768079042435,True,0.948624,0.007687233,0.018274896,0.025413986,False,False,False,False,True,False
split_style_train,train,..\dataset\split_style\train\formal\jacket_formal_jacket_006.png,jacket_formal_jacket_006.png,formal,0,,formal,0,0.9088256359100342,sporty,0.06173517554998398,0.8470904603600502,0.09560200572013855,True,0.90882564,0.012258193,0.061735176,0.017180905,False,False,False,False,False,False
split_style_train,train,..\dataset\split_style\train\formal\jacket_formal_jacket_010.png,jacket_formal_jacket_010.png,formal,0,,formal,0,0.6854040026664734,streetwear,0.26213350892066956,0.42327049374580383,0.3777468502521515,True,0.685404,0.013448599,0.039013885,0.2621335,False,False,False,False,True,False
split_style_train,train,..\dataset\split_style\train\formal\jacket_formal_jacket_011.png,jacket_formal_jacket_011.png,formal,0,,formal,0,0.5618914365768433,sporty,0.26792073249816895,0.2939707040786743,0.5764465928077698,True,0.56189144,0.14097184,0.26792073,0.029215975,False,False,False,True,False,False
split_style_train,train,..\dataset\split_style\train\formal\jacket_formal_jacket_013.png,jacket_formal_jacket_013.png,formal,0,,formal,0,0.36803537607192993,sporty,0.32389453053474426,0.04414084553718567,0.999576210975647,True,0.36803538,0.2298894,0.32389453,0.07818075,False,False,True,True,False,False
split_style_train,train,..\dataset\split_style\train\formal\jacket_formal_jacket_014.png,jacket_formal_jacket_014.png,formal,0,,formal,0,0.6594326496124268,sporty,0.20069393515586853,0.4587387144565582,0.41637539863586426,True,0.65943265,0.08409031,0.20069394,0.055783108,False,False,False,False,False,False
split_style_train,train,..\dataset\split_style\train\formal\jacket_formal_jacket_015.png,jacket_formal_jacket_015.png,formal,0,,streetwear,3,0.4563819468021393,formal,0.28355735540390015,0.17282459139823914,1.2603408098220825,False,0.28355736,0.24182636,0.018234286,0.45638195,True,True,True,True,True,True
split_style_train,train,..\dataset\split_style\train\formal\jacket_formal_jacket_016.png,jacket_formal_jacket_016.png,formal,0,,formal,0,0.687625527381897,streetwear,0.16245323419570923,0.5251722931861877,0.37451085448265076,True,0.6876255,0.069591284,0.08032993,0.16245323,False,False,False,False,True,False
split_style_train,train,..\dataset\split_style\train\formal\jacket_formal_jacket_017.png,jacket_formal_jacket_017.png,formal,0,,formal,0,0.40790027379989624,streetwear,0.29717445373535156,0.11072582006454468,0.8967325687408447,True,0.40790027,0.2051226,0.089802615,0.29717445,False,False,True,True,True,True
split_style_train,train,..\dataset\split_style\train\formal\jacket_formal_jacket_019.png,jacket_formal_jacket_019.png,formal,0,,formal,0,0.3350253701210022,streetwear,0.33105361461639404,0.003971755504608154,1.0935490131378174,True,0.33502537,0.276947,0.05697402,0.3310536,False,True,True,True,True,True
split_style_train,train,..\dataset\split_style\train\formal\jacket_formal_jacket_020.png,jacket_formal_jacket_020.png,formal,0,,formal,0,0.7744992971420288,sporty,0.10712482780218124,0.6673744693398476,0.2555385231971741,True,0.7744993,0.042159908,0.10712483,0.076215975,False,False,False,False,False,False
split_style_train,train,..\dataset\split_style\train\formal\jacket_formal_jacket_022.png,jacket_formal_jacket_022.png,formal,0,,formal,0,0.8777968883514404,sporty,0.07075877487659454,0.8070381134748459,0.13034005463123322,True,0.8777969,0.04197851,0.070758775,0.009465774,False,False,False,False,False,False
split_style_train,train,..\dataset\split_style\train\formal\jacket_formal_jacket_026.png,jacket_formal_jacket_026.png,formal,0,,formal,0,0.9155927896499634,sporty,0.05145707726478577,0.8641357123851776,0.08818356692790985,True,0.9155928,0.016428376,0.051457077,0.016521735,False,False,False,False,False,False
split_style_train,train,..\dataset\split_style\train\formal\jacket_formal_jacket_028.png,jacket_formal_jacket_028.png,formal,0,,formal,0,0.9411227107048035,sporty,0.030040647834539413,0.911082062870264,0.06068172678351402,True,0.9411227,0.017836733,0.030040648,0.010999916,False,False,False,False,False,False
split_style_train,train,..\dataset\split_style\train\formal\jacket_formal_jacket_030.png,jacket_formal_jacket_030.png,formal,0,,formal,0,0.9777801036834717,sporty,0.010794361121952534,0.9669857425615191,0.02247050404548645,True,0.9777801,0.00562562,0.010794361,0.0058000092,False,False,False,False,False,False
split_style_train,train,..\dataset\split_style\train\formal\jacket_formal_jacket_031.png,jacket_formal_jacket_031.png,formal,0,,formal,0,0.9744274020195007,sporty,0.010588208213448524,0.9638391938060522,0.025905229151248932,True,0.9744274,0.009198116,0.010588208,0.005786291,False,False,False,False,False,False
split_style_train,train,..\dataset\split_style\train\formal\jacket_formal_jacket_033.png,jacket_formal_jacket_033.png,formal,0,,formal,0,0.9534099698066711,streetwear,0.018273767083883286,0.9351362027227879,0.047710295766592026,True,0.95340997,0.010467441,0.017848924,0.018273767,False,False,False,False,True,False
split_style_train,train,..\dataset\split_style\train\formal\jacket_formal_jacket_034.png,jacket_formal_jacket_034.png,formal,0,,formal,0,0.9081975817680359,sporty,0.04717743396759033,0.8610201478004456,0.09629330039024353,True,0.9081976,0.03561422,0.047177434,0.0090108225,False,False,False,False,False,False
split_style_train,train,..\dataset\split_style\train\formal\jacket_formal_jacket_035.png,jacket_formal_jacket_035.png,formal,0,,formal,0,0.9035388231277466,streetwear,0.04046212509274483,0.8630766980350018,0.10143620520830154,True,0.9035388,0.015752196,0.040246937,0.040462125,False,False,False,False,True,False
split_style_train,train,..\dataset\split_style\train\formal\jacket_formal_jacket_037.png,jacket_formal_jacket_037.png,formal,0,,formal,0,0.983945906162262,sporty,0.009579024277627468,0.9743668818846345,0.016184380277991295,True,0.9839459,0.0036413914,0.009579024,0.0028336814,False,False,False,False,False,False
split_style_train,train,..\dataset\split_style\train\formal\jacket_formal_jacket_038.png,jacket_formal_jacket_038.png,formal,0,,formal,0,0.5381355285644531,streetwear,0.3574790954589844,0.18065643310546875,0.6196448802947998,True,0.5381355,0.02125985,0.08312554,0.3574791,False,False,True,True,True,True
split_style_train,train,..\dataset\split_style\train\formal\jacket_formal_jacket_039.png,jacket_formal_jacket_039.png,formal,0,,formal,0,0.9256082773208618,sporty,0.05401957035064697,0.8715887069702148,0.07730419188737869,True,0.9256083,0.0078617325,0.05401957,0.012510408,False,False,False,False,False,False
split_style_train,train,..\dataset\split_style\train\formal\jacket_formal_jacket_042.png,jacket_formal_jacket_042.png,formal,0,,formal,0,0.9575384855270386,sporty,0.01831170916557312,0.9392267763614655,0.04338934272527695,True,0.9575385,0.007321481,0.01831171,0.016828386,False,False,False,False,False,False
split_style_train,train,..\dataset\split_style\train\formal\jacket_formal_jacket_043.png,jacket_formal_jacket_043.png,formal,0,,formal,0,0.9594341516494751,sporty,0.026099547743797302,0.9333346039056778,0.041411612182855606,True,0.95943415,0.005035071,0.026099548,0.009431197,False,False,False,False,False,False
split_style_train,train,..\dataset\split_style\train\formal\jacket_formal_jacket_044.png,jacket_formal_jacket_044.png,formal,0,,formal,0,0.9321198463439941,gothic,0.02843073196709156,0.9036891143769026,0.0702938660979271,True,0.93211985,0.028430732,0.028044095,0.011405289,False,False,False,False,False,False
split_style_train,train,..\dataset\split_style\train\formal\jacket_formal_jacket_045.png,jacket_formal_jacket_045.png,formal,0,,formal,0,0.943427562713623,sporty,0.029822200536727905,0.9136053621768951,0.05823567882180214,True,0.94342756,0.015471457,0.0298222,0.011278784,False,False,False,False,False,False
split_style_train,train,..\dataset\split_style\train\formal\jacket_formal_jacket_046.png,jacket_formal_jacket_046.png,formal,0,,formal,0,0.9903267025947571,sporty,0.004096735268831253,0.9862299673259258,0.009720374830067158,True,0.9903267,0.002394578,0.0040967353,0.0031819358,False,False,False,False,False,False
split_style_train,train,..\dataset\split_style\train\formal\jacket_formal_jacket_047.png,jacket_formal_jacket_047.png,formal,0,,formal,0,0.9382740259170532,sporty,0.028261056169867516,0.9100129697471857,0.06371323019266129,True,0.938274,0.024939861,0.028261056,0.008525067,False,False,False,False,False,False
split_style_train,train,..\dataset\split_style\train\formal\jacket_formal_jacket_048.png,jacket_formal_jacket_048.png,formal,0,,formal,0,0.8737143874168396,sporty,0.051764924079179764,0.8219494633376598,0.13500171899795532,True,0.8737144,0.041412294,0.051764924,0.033108357,False,False,False,False,False,False
split_style_train,train,..\dataset\split_style\train\formal\jacket_formal_jacket_049.png,jacket_formal_jacket_049.png,formal,0,,formal,0,0.9287443161010742,sporty,0.04955960437655449,0.8791847117245197,0.0739218145608902,True,0.9287443,0.008314364,0.049559604,0.01338177,False,False,False,False,False,False
split_style_train,train,..\dataset\split_style\train\formal\pants_formal_pants_002.png,pants_formal_pants_002.png,formal,0,,formal,0,0.5383851528167725,streetwear,0.3391225337982178,0.1992626190185547,0.6191810965538025,True,0.53838515,0.010819282,0.111673,0.33912253,False,False,True,True,True,True
split_style_train,train,..\dataset\split_style\train\formal\pants_formal_pants_003.png,pants_formal_pants_003.png,formal,0,,sporty,2,0.3901967406272888,formal,0.3895740807056427,0.0006226599216461182,0.9427012205123901,False,0.38957408,0.015121752,0.39019674,0.20510739,True,False,True,True,False,False
split_style_train,train,..\dataset\split_style\train\formal\pants_formal_pants_004.png,pants_formal_pants_004.png,formal,0,,formal,0,0.46714624762535095,sporty,0.41299325227737427,0.054152995347976685,0.7611128687858582,True,0.46714625,0.018403934,0.41299325,0.101456515,False,False,True,True,False,False
split_style_train,train,..\dataset\split_style\train\formal\pants_formal_pants_005.png,pants_formal_pants_005.png,formal,0,,sporty,2,0.42555955052375793,formal,0.4155043065547943,0.010055243968963623,0.8782622814178467,False,0.4155043,0.02577538,0.42555955,0.1331608,True,False,True,True,False,False
split_style_train,train,..\dataset\split_style\train\formal\pants_formal_pants_011.png,pants_formal_pants_011.png,formal,0,,formal,0,0.9104742407798767,sporty,0.06387509405612946,0.8465991467237473,0.09378966689109802,True,0.91047424,0.005322989,0.063875094,0.020327644,False,False,False,False,False,False
split_style_train,train,..\dataset\split_style\train\formal\pants_formal_pants_012.png,pants_formal_pants_012.png,formal,0,,formal,0,0.9620887637138367,sporty,0.016608484089374542,0.9454802796244621,0.038648538291454315,True,0.96208876,0.012122437,0.016608484,0.009180271,False,False,False,False,False,False
split_style_train,train,..\dataset\split_style\train\formal\pants_formal_pants_014.png,pants_formal_pants_014.png,formal,0,,formal,0,0.9769327640533447,sporty,0.018746474757790565,0.9581862892955542,0.023337453603744507,True,0.97693276,0.0016083252,0.018746475,0.0027124432,False,False,False,False,False,False
split_style_train,train,..\dataset\split_style\train\formal\pants_formal_pants_015.png,pants_formal_pants_015.png,formal,0,,formal,0,0.9510659575462341,sporty,0.03409438580274582,0.9169715717434883,0.050171878188848495,True,0.95106596,0.0071497,0.034094386,0.007689992,False,False,False,False,False,False
split_style_train,train,..\dataset\split_style\train\formal\pants_formal_pants_016.png,pants_formal_pants_016.png,formal,0,,formal,0,0.8835664391517639,streetwear,0.06125235557556152,0.8223140835762024,0.12378879636526108,True,0.88356644,0.0076396177,0.047541555,0.061252356,False,False,False,False,True,False
split_style_train,train,..\dataset\split_style\train\formal\pants_formal_pants_017.png,pants_formal_pants_017.png,formal,0,,formal,0,0.9589516520500183,sporty,0.027137678116559982,0.9318139739334583,0.04191461205482483,True,0.95895165,0.005853418,0.027137678,0.008057243,False,False,False,False,False,False
split_style_train,train,..\dataset\split_style\train\formal\pants_formal_pants_019.png,pants_formal_pants_019.png,formal,0,,formal,0,0.8610121607780457,sporty,0.08160384744405746,0.7794083133339882,0.14964666962623596,True,0.86101216,0.014220961,0.08160385,0.043163083,False,False,False,False,False,False
split_style_train,train,..\dataset\split_style\train\formal\pants_formal_pants_020.png,pants_formal_pants_020.png,formal,0,,formal,0,0.878402829170227,sporty,0.10354804247617722,0.7748547866940498,0.12965001165866852,True,0.8784028,0.011568778,0.10354804,0.006480414,False,False,False,False,False,False
split_style_train,train,..\dataset\split_style\train\formal\pants_formal_pants_023.png,pants_formal_pants_023.png,formal,0,,formal,0,0.9047262072563171,sporty,0.0629577711224556,0.8417684361338615,0.10012289136648178,True,0.9047262,0.011866583,0.06295777,0.020449357,False,False,False,False,False,False
split_style_train,train,..\dataset\split_style\train\formal\pants_formal_pants_024.png,pants_formal_pants_024.png,formal,0,,formal,0,0.9319947361946106,sporty,0.044704653322696686,0.8872900828719139,0.07042808830738068,True,0.93199474,0.0075342404,0.044704653,0.015766382,False,False,False,False,False,False
split_style_train,train,..\dataset\split_style\train\formal\pants_formal_pants_025.png,pants_formal_pants_025.png,formal,0,,formal,0,0.9484651684761047,sporty,0.02631126344203949,0.9221539050340652,0.05291023477911949,True,0.94846517,0.007818415,0.026311263,0.017405251,False,False,False,False,False,False
split_style_train,train,..\dataset\split_style\train\formal\pants_formal_pants_027.png,pants_formal_pants_027.png,formal,0,,formal,0,0.9809412360191345,sporty,0.007622558623552322,0.9733186773955822,0.019242752343416214,True,0.98094124,0.0070367143,0.0076225586,0.0043994877,False,False,False,False,False,False
split_style_train,train,..\dataset\split_style\train\formal\pants_formal_pants_028.png,pants_formal_pants_028.png,formal,0,,formal,0,0.7815423011779785,streetwear,0.10601408034563065,0.6755282208323479,0.24648596346378326,True,0.7815423,0.009780317,0.10266322,0.10601408,False,False,False,False,True,False
split_style_train,train,..\dataset\split_style\train\formal\pants_formal_pants_029.png,pants_formal_pants_029.png,formal,0,,formal,0,0.9783473014831543,sporty,0.011563019827008247,0.966784281656146,0.021890563890337944,True,0.9783473,0.0034074753,0.01156302,0.006682233,False,False,False,False,False,False
split_style_train,train,..\dataset\split_style\train\formal\pants_formal_pants_030.png,pants_formal_pants_030.png,formal,0,,formal,0,0.9249898195266724,sporty,0.05944378674030304,0.8655460327863693,0.07797252386808395,True,0.9249898,0.009000818,0.059443787,0.0065654772,False,False,False,False,False,False
split_style_train,train,..\dataset\split_style\train\formal\pants_formal_pants_031.png,pants_formal_pants_031.png,formal,0,,formal,0,0.9477254748344421,sporty,0.027291113510727882,0.9204343613237143,0.05369042232632637,True,0.9477255,0.007471096,0.027291114,0.017512286,False,False,False,False,False,False
split_style_train,train,..\dataset\split_style\train\formal\pants_formal_pants_032.png,pants_formal_pants_032.png,formal,0,,formal,0,0.9395788908004761,gothic,0.027524279430508614,0.9120546113699675,0.062323521822690964,True,0.9395789,0.02752428,0.020010885,0.012886035,False,False,False,False,False,False
split_style_train,train,..\dataset\split_style\train\formal\pants_formal_pants_033.png,pants_formal_pants_033.png,formal,0,,formal,0,0.8667271137237549,sporty,0.05859663337469101,0.8081304803490639,0.14303109049797058,True,0.8667271,0.0181891,0.058596633,0.0564871,False,False,False,False,False,False
split_style_train,train,..\dataset\split_style\train\formal\pants_formal_pants_034.png,pants_formal_pants_034.png,formal,0,,formal,0,0.9229013919830322,sporty,0.05048810690641403,0.8724132850766182,0.08023287355899811,True,0.9229014,0.008715608,0.050488107,0.017894903,False,False,False,False,False,False
split_style_train,train,..\dataset\split_style\train\formal\pants_formal_pants_035.png,pants_formal_pants_035.png,formal,0,,formal,0,0.8143830299377441,sporty,0.1499038189649582,0.664479210972786,0.2053244411945343,True,0.81438303,0.019363802,0.14990382,0.016349373,False,False,False,False,False,False
split_style_train,train,..\dataset\split_style\train\formal\pants_formal_pants_036.png,pants_formal_pants_036.png,formal,0,,formal,0,0.922184407711029,streetwear,0.035102471709251404,0.8870819360017776,0.08101007342338562,True,0.9221844,0.017724581,0.024988547,0.03510247,False,False,False,False,True,False
split_style_train,train,..\dataset\split_style\train\formal\pants_formal_pants_040.png,pants_formal_pants_040.png,formal,0,,formal,0,0.9353498220443726,sporty,0.04408373683691025,0.8912660852074623,0.0668347030878067,True,0.9353498,0.012699507,0.044083737,0.007867035,False,False,False,False,False,False
split_style_train,train,..\dataset\split_style\train\formal\pants_formal_pants_041.png,pants_formal_pants_041.png,formal,0,,formal,0,0.9515594244003296,sporty,0.026286685839295387,0.9252727385610342,0.04965316131711006,True,0.9515594,0.00802871,0.026286686,0.014125227,False,False,False,False,False,False
split_style_train,train,..\dataset\split_style\train\formal\pants_formal_pants_044.png,pants_formal_pants_044.png,formal,0,,formal,0,0.979616641998291,streetwear,0.009735822677612305,0.9698808193206787,0.02059398591518402,True,0.97961664,0.0026067249,0.008040818,0.009735823,False,False,False,False,True,False
split_style_train,train,..\dataset\split_style\train\formal\pants_formal_pants_045.png,pants_formal_pants_045.png,formal,0,,formal,0,0.9592902660369873,streetwear,0.01735120452940464,0.9419390615075827,0.0415615439414978,True,0.95929027,0.008574991,0.014783546,0.017351205,False,False,False,False,True,False
split_style_train,train,..\dataset\split_style\train\formal\pants_formal_pants_046.png,pants_formal_pants_046.png,formal,0,,formal,0,0.9510610699653625,sporty,0.02610737271606922,0.9249536972492933,0.05017697811126709,True,0.95106107,0.0095784785,0.026107373,0.013253029,False,False,False,False,False,False
split_style_train,train,..\dataset\split_style\train\formal\pants_formal_pants_049.png,pants_formal_pants_049.png,formal,0,,formal,0,0.9242734909057617,sporty,0.0491471067070961,0.8751263841986656,0.07874729484319687,True,0.9242735,0.012640437,0.049147107,0.013939006,False,False,False,False,False,False
split_style_train,train,..\dataset\split_style\train\formal\pants_formal_pants_050.png,pants_formal_pants_050.png,formal,0,,formal,0,0.9025887846946716,streetwear,0.06649075448513031,0.8360980302095413,0.1024881973862648,True,0.9025888,0.011936497,0.01898393,0.066490754,False,False,False,False,True,False
split_style_train,train,..\dataset\split_style\train\formal\shoes_formal_shoes_001.png,shoes_formal_shoes_001.png,formal,0,,formal,0,0.8415770530700684,streetwear,0.07914365828037262,0.7624333947896957,0.17247767746448517,True,0.84157705,0.04134406,0.03793524,0.07914366,False,False,False,False,True,False
split_style_train,train,..\dataset\split_style\train\formal\shoes_formal_shoes_002.png,shoes_formal_shoes_002.png,formal,0,,formal,0,0.8688282370567322,sporty,0.07612233608961105,0.7927059009671211,0.14060981571674347,True,0.86882824,0.01157823,0.076122336,0.04347121,False,False,False,False,False,False
split_style_train,train,..\dataset\split_style\train\formal\shoes_formal_shoes_003.png,shoes_formal_shoes_003.png,formal,0,,formal,0,0.7830620408058167,streetwear,0.10703027993440628,0.6760317608714104,0.24454331398010254,True,0.78306204,0.009709959,0.1001977,0.10703028,False,False,False,False,True,False
split_style_train,train,..\dataset\split_style\train\formal\shoes_formal_shoes_004.png,shoes_formal_shoes_004.png,formal,0,,formal,0,0.8544855713844299,streetwear,0.08857928961515427,0.7659062817692757,0.1572556495666504,True,0.8544856,0.017358154,0.03957695,0.08857929,False,False,False,False,True,False
split_style_train,train,..\dataset\split_style\train\formal\shoes_formal_shoes_005.png,shoes_formal_shoes_005.png,formal,0,,formal,0,0.7187452912330627,streetwear,0.1261405646800995,0.5926047265529633,0.3302482068538666,True,0.7187453,0.04051331,0.11460083,0.12614056,False,False,False,False,True,False
split_style_train,train,..\dataset\split_style\train\formal\shoes_formal_shoes_006.png,shoes_formal_shoes_006.png,formal,0,,formal,0,0.8481142520904541,streetwear,0.09609797596931458,0.7520162761211395,0.1647399365901947,True,0.84811425,0.007960316,0.047827497,0.096097976,False,False,False,False,True,False
split_style_train,train,..\dataset\split_style\train\formal\shoes_formal_shoes_007.png,shoes_formal_shoes_007.png,formal,0,,formal,0,0.4914074242115021,sporty,0.17628541588783264,0.31512200832366943,0.7104817032814026,True,0.49140742,0.16976228,0.17628542,0.16254483,False,False,False,True,False,False
split_style_train,train,..\dataset\split_style\train\formal\shoes_formal_shoes_010.png,shoes_formal_shoes_010.png,formal,0,,formal,0,0.8650835752487183,gothic,0.0757179856300354,0.7893655896186829,0.1449291706085205,True,0.8650836,0.075717986,0.03516327,0.024035152,False,False,False,False,False,False
split_style_train,train,..\dataset\split_style\train\formal\shoes_formal_shoes_011.png,shoes_formal_shoes_011.png,formal,0,,formal,0,0.908626139163971,gothic,0.042724646627902985,0.865901492536068,0.09582158923149109,True,0.90862614,0.042724647,0.011319968,0.037329294,False,False,False,False,False,False
split_style_train,train,..\dataset\split_style\train\formal\shoes_formal_shoes_012.png,shoes_formal_shoes_012.png,formal,0,,formal,0,0.9439903497695923,streetwear,0.02516498602926731,0.918825363740325,0.05763931944966316,True,0.94399035,0.019445276,0.011399458,0.025164986,False,False,False,False,True,False
split_style_train,train,..\dataset\split_style\train\formal\shoes_formal_shoes_013.png,shoes_formal_shoes_013.png,formal,0,,formal,0,0.896942675113678,gothic,0.061818983405828476,0.8351236917078495,0.10876331478357315,True,0.8969427,0.061818983,0.023056382,0.018181961,False,False,False,False,False,False
split_style_train,train,..\dataset\split_style\train\formal\shoes_formal_shoes_014.png,shoes_formal_shoes_014.png,formal,0,,formal,0,0.9000356793403625,gothic,0.04523178189992905,0.8548038974404335,0.10532086342573166,True,0.9000357,0.045231782,0.036137395,0.01859504,False,False,False,False,False,False
split_style_train,train,..\dataset\split_style\train\formal\shoes_formal_shoes_016.png,shoes_formal_shoes_016.png,formal,0,,formal,0,0.9513201713562012,streetwear,0.0215535257011652,0.929766645655036,0.04990461468696594,True,0.9513202,0.0127957845,0.014330626,0.021553526,False,False,False,False,True,False
split_style_train,train,..\dataset\split_style\train\formal\shoes_formal_shoes_017.png,shoes_formal_shoes_017.png,formal,0,,formal,0,0.9323901534080505,streetwear,0.038234591484069824,0.8941555619239807,0.0700039193034172,True,0.93239015,0.009168853,0.02020649,0.03823459,False,False,False,False,True,False
split_style_train,train,..\dataset\split_style\train\formal\shoes_formal_shoes_019.png,shoes_formal_shoes_019.png,formal,0,,formal,0,0.9019073843955994,streetwear,0.042646072804927826,0.8592613115906715,0.10324345529079437,True,0.9019074,0.028026212,0.027420437,0.042646073,False,False,False,False,True,False
split_style_train,train,..\dataset\split_style\train\formal\shoes_formal_shoes_020.png,shoes_formal_shoes_020.png,formal,0,,formal,0,0.938583493232727,streetwear,0.02993762493133545,0.9086458683013916,0.06338343769311905,True,0.9385835,0.012719166,0.018759644,0.029937625,False,False,False,False,True,False
split_style_train,train,..\dataset\split_style\train\formal\shoes_formal_shoes_021.png,shoes_formal_shoes_021.png,formal,0,,formal,0,0.9322522282600403,streetwear,0.035559315234422684,0.8966929130256176,0.07015185058116913,True,0.9322522,0.017076919,0.015111562,0.035559315,False,False,False,False,True,False
split_style_train,train,..\dataset\split_style\train\formal\shoes_formal_shoes_022.png,shoes_formal_shoes_022.png,formal,0,,formal,0,0.9371805191040039,streetwear,0.04195193573832512,0.8952285833656788,0.06487938016653061,True,0.9371805,0.008136667,0.012730893,0.041951936,False,False,False,False,True,False
split_style_train,train,..\dataset\split_style\train\formal\shoes_formal_shoes_023.png,shoes_formal_shoes_023.png,formal,0,,formal,0,0.9446728229522705,gothic,0.02230023220181465,0.9223725907504559,0.056916601955890656,True,0.9446728,0.022300232,0.01493479,0.018092128,False,False,False,False,False,False
split_style_train,train,..\dataset\split_style\train\formal\shoes_formal_shoes_024.png,shoes_formal_shoes_024.png,formal,0,,formal,0,0.8826847076416016,sporty,0.04754683002829552,0.835137877613306,0.12478724122047424,True,0.8826847,0.023825884,0.04754683,0.045942623,False,False,False,False,False,False
split_style_train,train,..\dataset\split_style\train\formal\shoes_formal_shoes_025.png,shoes_formal_shoes_025.png,formal,0,,formal,0,0.6672703623771667,streetwear,0.13999073207378387,0.5272796303033829,0.4045599699020386,True,0.66727036,0.07023081,0.12250813,0.13999073,False,False,False,False,True,False
split_style_train,train,..\dataset\split_style\train\formal\shoes_formal_shoes_026.png,shoes_formal_shoes_026.png,formal,0,,formal,0,0.7071304321289062,sporty,0.12590329349040985,0.5812271386384964,0.34654009342193604,True,0.70713043,0.04971212,0.1259033,0.117254116,False,False,False,False,False,False
split_style_train,train,..\dataset\split_style\train\formal\shoes_formal_shoes_027.png,shoes_formal_shoes_027.png,formal,0,,formal,0,0.938112735748291,streetwear,0.029143350198864937,0.9089693855494261,0.06388512998819351,True,0.93811274,0.024124375,0.008619556,0.02914335,False,False,False,False,True,False
split_style_train,train,..\dataset\split_style\train\formal\shoes_formal_shoes_028.png,shoes_formal_shoes_028.png,formal,0,,formal,0,0.9168074727058411,sporty,0.045967984944581985,0.8708394877612591,0.08685775101184845,True,0.9168075,0.007081405,0.045967985,0.030143071,False,False,False,False,False,False
split_style_train,train,..\dataset\split_style\train\formal\shoes_formal_shoes_029.png,shoes_formal_shoes_029.png,formal,0,,formal,0,0.9567859172821045,streetwear,0.01830567605793476,0.9384802412241697,0.04417562484741211,True,0.9567859,0.008538819,0.016369527,0.018305676,False,False,False,False,True,False
split_style_train,train,..\dataset\split_style\train\formal\shoes_formal_shoes_031.png,shoes_formal_shoes_031.png,formal,0,,formal,0,0.9424242973327637,sporty,0.022815020754933357,0.9196092765778303,0.05929970741271973,True,0.9424243,0.013552957,0.02281502,0.021207763,False,False,False,False,False,False
split_style_train,train,..\dataset\split_style\train\formal\shoes_formal_shoes_032.png,shoes_formal_shoes_032.png,formal,0,,formal,0,0.8583557605743408,streetwear,0.05686071887612343,0.8014950416982174,0.1527366042137146,True,0.85835576,0.036918458,0.047865048,0.05686072,False,False,False,False,True,False
split_style_train,train,..\dataset\split_style\train\formal\shoes_formal_shoes_033.png,shoes_formal_shoes_033.png,formal,0,,formal,0,0.8950349688529968,sporty,0.03697780892252922,0.8580571599304676,0.11089247465133667,True,0.89503497,0.03661861,0.03697781,0.031368606,False,False,False,False,False,False
split_style_train,train,..\dataset\split_style\train\formal\shoes_formal_shoes_034.png,shoes_formal_shoes_034.png,formal,0,,formal,0,0.9203806519508362,streetwear,0.03928371146321297,0.8810969404876232,0.08296792954206467,True,0.92038065,0.016348563,0.023987083,0.03928371,False,False,False,False,True,False
split_style_train,train,..\dataset\split_style\train\formal\shoes_formal_shoes_035.png,shoes_formal_shoes_035.png,formal,0,,formal,0,0.9724083542823792,streetwear,0.013628866523504257,0.9587794877588749,0.027979452162981033,True,0.97240835,0.006789896,0.0071729273,0.0136288665,False,False,False,False,True,False
split_style_train,train,..\dataset\split_style\train\formal\shoes_formal_shoes_036.png,shoes_formal_shoes_036.png,formal,0,,formal,0,0.9210377931594849,streetwear,0.03469391539692879,0.8863438777625561,0.08225417882204056,True,0.9210378,0.009839644,0.034428574,0.034693915,False,False,False,False,True,False
split_style_train,train,..\dataset\split_style\train\formal\shoes_formal_shoes_037.png,shoes_formal_shoes_037.png,formal,0,,formal,0,0.9389101266860962,gothic,0.034547433257102966,0.9043626934289932,0.0630355179309845,True,0.9389101,0.034547433,0.014436926,0.012105615,False,False,False,False,False,False
split_style_train,train,..\dataset\split_style\train\formal\shoes_formal_shoes_039.png,shoes_formal_shoes_039.png,formal,0,,formal,0,0.8433272242546082,sporty,0.10631619393825531,0.7370110303163528,0.1704002171754837,True,0.8433272,0.0221183,0.106316194,0.028238334,False,False,False,False,False,False
split_style_train,train,..\dataset\split_style\train\formal\shoes_formal_shoes_041.png,shoes_formal_shoes_041.png,formal,0,,formal,0,0.9132254719734192,sporty,0.03378773108124733,0.8794377408921719,0.09077245742082596,True,0.9132255,0.0294427,0.03378773,0.023544062,False,False,False,False,False,False
split_style_train,train,..\dataset\split_style\train\formal\shoes_formal_shoes_043.png,shoes_formal_shoes_043.png,formal,0,,formal,0,0.9632266759872437,sporty,0.016982603818178177,0.9462440721690655,0.03746653348207474,True,0.9632267,0.005455879,0.016982604,0.014334854,False,False,False,False,False,False
split_style_train,train,..\dataset\split_style\train\formal\shoes_formal_shoes_045.png,shoes_formal_shoes_045.png,formal,0,,formal,0,0.8791463375091553,sporty,0.09221728146076202,0.7869290560483932,0.12880387902259827,True,0.87914634,0.006854393,0.09221728,0.02178196,False,False,False,False,False,False
split_style_train,train,..\dataset\split_style\train\formal\shoes_formal_shoes_046.png,shoes_formal_shoes_046.png,formal,0,,formal,0,0.8075063228607178,streetwear,0.11357006430625916,0.6939362585544586,0.2138044238090515,True,0.8075063,0.030622208,0.048301388,0.113570064,False,False,False,False,True,False
split_style_train,train,..\dataset\split_style\train\formal\shoes_formal_shoes_047.png,shoes_formal_shoes_047.png,formal,0,,formal,0,0.8832589387893677,streetwear,0.06929103285074234,0.8139679059386253,0.12413685023784637,True,0.88325894,0.016350202,0.031099774,0.06929103,False,False,False,False,True,False
split_style_train,train,..\dataset\split_style\train\formal\shoes_formal_shoes_048.png,shoes_formal_shoes_048.png,formal,0,,formal,0,0.9080791473388672,streetwear,0.04685622453689575,0.8612229228019714,0.09642375260591507,True,0.90807915,0.009261854,0.035802815,0.046856225,False,False,False,False,True,False
split_style_train,train,..\dataset\split_style\train\formal\shoes_formal_shoes_049.png,shoes_formal_shoes_049.png,formal,0,,formal,0,0.8738428354263306,streetwear,0.056924231350421906,0.8169186040759087,0.1348547488451004,True,0.87384284,0.023052374,0.04618052,0.05692423,False,False,False,False,True,False
split_style_train,train,..\dataset\split_style\train\formal\shoes_formal_shoes_050.png,shoes_formal_shoes_050.png,formal,0,,formal,0,0.9076316952705383,gothic,0.03258715569972992,0.8750445395708084,0.09691660851240158,True,0.9076317,0.032587156,0.028131435,0.031649772,False,False,False,False,False,False
split_style_train,train,..\dataset\split_style\train\formal\tshirt_formal_tshirt_004.png,tshirt_formal_tshirt_004.png,formal,0,,formal,0,0.8781924247741699,sporty,0.0802542194724083,0.7979382053017616,0.129889577627182,True,0.8781924,0.014733402,0.08025422,0.026819969,False,False,False,False,False,False
split_style_train,train,..\dataset\split_style\train\formal\tshirt_formal_tshirt_006.png,tshirt_formal_tshirt_006.png,formal,0,,formal,0,0.6406821012496948,streetwear,0.18287907540798187,0.45780302584171295,0.4452219307422638,True,0.6406821,0.009069571,0.16736929,0.18287908,False,False,False,False,True,False
split_style_train,train,..\dataset\split_style\train\formal\tshirt_formal_tshirt_007.png,tshirt_formal_tshirt_007.png,formal,0,,formal,0,0.8153725266456604,sporty,0.13019993901252747,0.6851725876331329,0.20411019027233124,True,0.8153725,0.004835499,0.13019994,0.049592063,False,False,False,False,False,False
split_style_train,train,..\dataset\split_style\train\formal\tshirt_formal_tshirt_008.png,tshirt_formal_tshirt_008.png,formal,0,,formal,0,0.7777876853942871,streetwear,0.1322227567434311,0.645564928650856,0.25130170583724976,True,0.7777877,0.011483255,0.07850636,0.13222276,False,False,False,False,True,False
split_style_train,train,..\dataset\split_style\train\formal\tshirt_formal_tshirt_009.png,tshirt_formal_tshirt_009.png,formal,0,,formal,0,0.9058386087417603,sporty,0.07370468229055405,0.8321339264512062,0.0988941416144371,True,0.9058386,0.0028088263,0.07370468,0.017647844,False,False,False,False,False,False
split_style_train,train,..\dataset\split_style\train\formal\tshirt_formal_tshirt_010.png,tshirt_formal_tshirt_010.png,formal,0,,formal,0,0.7645654082298279,sporty,0.1631009578704834,0.6014644503593445,0.26844772696495056,True,0.7645654,0.00720754,0.16310096,0.06512612,False,False,False,False,False,False
split_style_train,train,..\dataset\split_style\train\formal\tshirt_formal_tshirt_011.png,tshirt_formal_tshirt_011.png,formal,0,,formal,0,0.7703502178192139,gothic,0.0946672186255455,0.6756829991936684,0.2609100043773651,True,0.7703502,0.09466722,0.064266846,0.070715636,False,False,False,False,False,False
split_style_train,train,..\dataset\split_style\train\formal\tshirt_formal_tshirt_012.png,tshirt_formal_tshirt_012.png,formal,0,,formal,0,0.6385853290557861,sporty,0.27061793208122253,0.3679673969745636,0.44850000739097595,True,0.6385853,0.017664153,0.27061793,0.073132634,False,False,False,False,False,False
split_style_train,train,..\dataset\split_style\train\formal\tshirt_formal_tshirt_013.png,tshirt_formal_tshirt_013.png,formal,0,,formal,0,0.9481521248817444,sporty,0.025064144283533096,0.9230879805982113,0.0532403327524662,True,0.9481521,0.0019984734,0.025064144,0.024785168,False,False,False,False,False,False
split_style_train,train,..\dataset\split_style\train\formal\tshirt_formal_tshirt_015.png,tshirt_formal_tshirt_015.png,formal,0,,formal,0,0.6974688172340393,sporty,0.2390151172876358,0.4584536999464035,0.3602975010871887,True,0.6974688,0.004741229,0.23901512,0.05877487,False,False,False,False,False,False
split_style_train,train,..\dataset\split_style\train\formal\tshirt_formal_tshirt_016.png,tshirt_formal_tshirt_016.png,formal,0,,formal,0,0.7282676696777344,streetwear,0.20331476628780365,0.5249529033899307,0.3170866072177887,True,0.72826767,0.015394264,0.053023268,0.20331477,False,False,False,False,True,False
split_style_train,train,..\dataset\split_style\train\formal\tshirt_formal_tshirt_018.png,tshirt_formal_tshirt_018.png,formal,0,,formal,0,0.7490471005439758,streetwear,0.21798712015151978,0.531059980392456,0.28895336389541626,True,0.7490471,0.014324986,0.018640839,0.21798712,False,False,False,False,True,False
split_style_train,train,..\dataset\split_style\train\formal\tshirt_formal_tshirt_020.png,tshirt_formal_tshirt_020.png,formal,0,,formal,0,0.8488789200782776,sporty,0.07705431431531906,0.7718246057629585,0.1638387143611908,True,0.8488789,0.02575204,0.077054314,0.048314624,False,False,False,False,False,False
split_style_train,train,..\dataset\split_style\train\formal\tshirt_formal_tshirt_021.png,tshirt_formal_tshirt_021.png,formal,0,,formal,0,0.9161083102226257,sporty,0.04221361503005028,0.8738946951925755,0.08762064576148987,True,0.9161083,0.0061828936,0.042213615,0.03549518,False,False,False,False,False,False
split_style_train,train,..\dataset\split_style\train\formal\tshirt_formal_tshirt_022.png,tshirt_formal_tshirt_022.png,formal,0,,formal,0,0.641592264175415,streetwear,0.29268741607666016,0.3489048480987549,0.44380223751068115,True,0.64159226,0.01239092,0.053329363,0.29268742,False,False,False,False,True,False
split_style_train,train,..\dataset\split_style\train\formal\tshirt_formal_tshirt_023.png,tshirt_formal_tshirt_023.png,formal,0,,formal,0,0.8645842671394348,sporty,0.08954960852861404,0.7750346586108208,0.14550651609897614,True,0.86458427,0.0028060481,0.08954961,0.043060113,False,False,False,False,False,False
split_style_train,train,..\dataset\split_style\train\formal\tshirt_formal_tshirt_025.png,tshirt_formal_tshirt_025.png,formal,0,,formal,0,0.7004546523094177,sporty,0.14566442370414734,0.5547902286052704,0.3560256361961365,True,0.70045465,0.08613004,0.14566442,0.06775085,False,False,False,False,False,False
split_style_train,train,..\dataset\split_style\train\formal\tshirt_formal_tshirt_026.png,tshirt_formal_tshirt_026.png,formal,0,,formal,0,0.5720432996749878,sporty,0.33434003591537476,0.23770326375961304,0.5585406422615051,True,0.5720433,0.0038218717,0.33434004,0.089794785,False,False,False,True,False,False
split_style_train,train,..\dataset\split_style\train\formal\tshirt_formal_tshirt_027.png,tshirt_formal_tshirt_027.png,formal,0,,formal,0,0.8461934328079224,sporty,0.08034814149141312,0.7658452913165092,0.16700734198093414,True,0.84619343,0.013183772,0.08034814,0.060274635,False,False,False,False,False,False
split_style_train,train,..\dataset\split_style\train\formal\tshirt_formal_tshirt_028.png,tshirt_formal_tshirt_028.png,formal,0,,formal,0,0.6357797384262085,sporty,0.18108581006526947,0.454693928360939,0.4529031217098236,True,0.63577974,0.034361582,0.18108581,0.14877288,False,False,False,False,False,False
split_style_train,train,..\dataset\split_style\train\formal\tshirt_formal_tshirt_029.png,tshirt_formal_tshirt_029.png,formal,0,,formal,0,0.5598346590995789,streetwear,0.35457390546798706,0.2052607536315918,0.5801138281822205,True,0.55983466,0.010236196,0.07535525,0.3545739,False,False,False,True,True,True
split_style_train,train,..\dataset\split_style\train\formal\tshirt_formal_tshirt_030.png,tshirt_formal_tshirt_030.png,formal,0,,formal,0,0.7868605852127075,streetwear,0.11260952055454254,0.674251064658165,0.2397042214870453,True,0.7868606,0.01739214,0.08313777,0.11260952,False,False,False,False,True,False
split_style_train,train,..\dataset\split_style\train\formal\tshirt_formal_tshirt_031.png,tshirt_formal_tshirt_031.png,formal,0,,formal,0,0.44315412640571594,streetwear,0.31576284766197205,0.1273912787437439,0.8138376474380493,True,0.44315413,0.095442384,0.14564067,0.31576285,False,False,True,True,True,True
split_style_train,train,..\dataset\split_style\train\formal\tshirt_formal_tshirt_034.png,tshirt_formal_tshirt_034.png,formal,0,,formal,0,0.3186294734477997,streetwear,0.3122279644012451,0.006401509046554565,1.1437263488769531,True,0.31862947,0.060609624,0.3085329,0.31222796,False,True,True,True,True,True
split_style_train,train,..\dataset\split_style\train\formal\tshirt_formal_tshirt_035.png,tshirt_formal_tshirt_035.png,formal,0,,formal,0,0.6007699370384216,streetwear,0.22343778610229492,0.3773321509361267,0.509543240070343,True,0.60076994,0.03043113,0.14536117,0.22343779,False,False,False,False,True,False
split_style_train,train,..\dataset\split_style\train\formal\tshirt_formal_tshirt_037.png,tshirt_formal_tshirt_037.png,formal,0,,formal,0,0.9357467293739319,sporty,0.029610641300678253,0.9061360880732536,0.06641045212745667,True,0.9357467,0.015519183,0.029610641,0.019123469,False,False,False,False,False,False
split_style_train,train,..\dataset\split_style\train\formal\tshirt_formal_tshirt_038.png,tshirt_formal_tshirt_038.png,formal,0,,formal,0,0.7090075016021729,streetwear,0.15522924065589905,0.5537782609462738,0.34388917684555054,True,0.7090075,0.034479782,0.10128345,0.15522924,False,False,False,False,True,False
split_style_train,train,..\dataset\split_style\train\formal\tshirt_formal_tshirt_043.png,tshirt_formal_tshirt_043.png,formal,0,,formal,0,0.6385514140129089,sporty,0.22351841628551483,0.4150329977273941,0.44855305552482605,True,0.6385514,0.01591477,0.22351842,0.12201535,False,False,False,False,False,False
split_style_train,train,..\dataset\split_style\train\formal\tshirt_formal_tshirt_044.png,tshirt_formal_tshirt_044.png,formal,0,,formal,0,0.922136127948761,streetwear,0.04113994166254997,0.880996186286211,0.08106239885091782,True,0.9221361,0.0071099265,0.02961392,0.04113994,False,False,False,False,True,False
split_style_train,train,..\dataset\split_style\train\formal\tshirt_formal_tshirt_045.png,tshirt_formal_tshirt_045.png,formal,0,,formal,0,0.8448640704154968,streetwear,0.11529137939214706,0.7295726910233498,0.16857953369617462,True,0.8448641,0.00949851,0.030346077,0.11529138,False,False,False,False,True,False
split_style_train,train,..\dataset\split_style\train\formal\tshirt_formal_tshirt_046.png,tshirt_formal_tshirt_046.png,formal,0,,formal,0,0.6618725061416626,streetwear,0.29187121987342834,0.37000128626823425,0.41268232464790344,True,0.6618725,0.017956188,0.02830008,0.29187122,False,False,False,False,True,False
split_style_train,train,..\dataset\split_style\train\formal\tshirt_formal_tshirt_047.png,tshirt_formal_tshirt_047.png,formal,0,,formal,0,0.37272965908050537,streetwear,0.3536960780620575,0.019033581018447876,0.9869019389152527,True,0.37272966,0.016665991,0.2569083,0.35369608,False,False,True,True,True,True
split_style_train,train,..\dataset\split_style\train\formal\tshirt_formal_tshirt_049.png,tshirt_formal_tshirt_049.png,formal,0,,formal,0,0.8606745004653931,sporty,0.09813819825649261,0.7625363022089005,0.15003888309001923,True,0.8606745,0.0025964093,0.0981382,0.038590856,False,False,False,False,False,False
split_style_train,train,..\dataset\split_style\train\formal\tshirt_formal_tshirt_050.png,tshirt_formal_tshirt_050.png,formal,0,,sporty,2,0.5173507928848267,formal,0.39767712354660034,0.11967366933822632,0.922114908695221,False,0.39767712,0.0042132805,0.5173508,0.08075879,True,False,True,True,False,False
split_style_train,train,..\dataset\split_style\train\gothic\jacket_gothic_jacket_001.png,jacket_gothic_jacket_001.png,gothic,1,,gothic,1,0.7595400810241699,streetwear,0.16344626247882843,0.5960938185453415,0.27504220604896545,True,0.025607454,0.7595401,0.051406164,0.16344626,False,False,False,False,True,False
split_style_train,train,..\dataset\split_style\train\gothic\jacket_gothic_jacket_003.png,jacket_gothic_jacket_003.png,gothic,1,,gothic,1,0.9011572599411011,sporty,0.03975517675280571,0.8614020831882954,0.10407549887895584,True,0.02572231,0.90115726,0.039755177,0.03336524,False,False,False,False,True,False
split_style_train,train,..\dataset\split_style\train\gothic\jacket_gothic_jacket_004.png,jacket_gothic_jacket_004.png,gothic,1,,gothic,1,0.9128752946853638,formal,0.05250925198197365,0.8603660427033901,0.09115602821111679,True,0.052509252,0.9128753,0.006095575,0.028519914,False,False,False,False,False,False
split_style_train,train,..\dataset\split_style\train\gothic\jacket_gothic_jacket_005.png,jacket_gothic_jacket_005.png,gothic,1,,gothic,1,0.9077633023262024,sporty,0.05961965397000313,0.8481436483561993,0.09677161276340485,True,0.011971076,0.9077633,0.059619654,0.020646041,False,False,False,False,True,False
split_style_train,train,..\dataset\split_style\train\gothic\jacket_gothic_jacket_007.png,jacket_gothic_jacket_007.png,gothic,1,,gothic,1,0.8583086729049683,sporty,0.0905887633562088,0.7677199095487595,0.15279145538806915,True,0.038035072,0.8583087,0.09058876,0.013067515,False,False,False,False,True,False
split_style_train,train,..\dataset\split_style\train\gothic\jacket_gothic_jacket_008.png,jacket_gothic_jacket_008.png,gothic,1,,gothic,1,0.8174399733543396,streetwear,0.06925103068351746,0.7481889426708221,0.20157784223556519,True,0.06214507,0.81744,0.051164027,0.06925103,False,False,False,False,True,False
split_style_train,train,..\dataset\split_style\train\gothic\jacket_gothic_jacket_010.png,jacket_gothic_jacket_010.png,gothic,1,,gothic,1,0.8189787268638611,formal,0.09866199642419815,0.7203167304396629,0.19969721138477325,True,0.098662,0.8189787,0.05180178,0.030557603,False,False,False,False,False,False
split_style_train,train,..\dataset\split_style\train\gothic\jacket_gothic_jacket_011.png,jacket_gothic_jacket_011.png,gothic,1,,gothic,1,0.9142304062843323,sporty,0.03440609574317932,0.879824310541153,0.08967264741659164,True,0.021599203,0.9142304,0.034406096,0.029764235,False,False,False,False,True,False
split_style_train,train,..\dataset\split_style\train\gothic\jacket_gothic_jacket_012.png,jacket_gothic_jacket_012.png,gothic,1,,gothic,1,0.8609507083892822,sporty,0.08758332580327988,0.7733673825860023,0.1497180014848709,True,0.018821543,0.8609507,0.087583326,0.03264436,False,False,False,False,True,False
split_style_train,train,..\dataset\split_style\train\gothic\jacket_gothic_jacket_013.png,jacket_gothic_jacket_013.png,gothic,1,,gothic,1,0.8545279502868652,sporty,0.0781722217798233,0.7763557285070419,0.15720604360103607,True,0.01296662,0.85452795,0.07817222,0.054333135,False,False,False,False,True,False
split_style_train,train,..\dataset\split_style\train\gothic\jacket_gothic_jacket_015.png,jacket_gothic_jacket_015.png,gothic,1,,gothic,1,0.36695677042007446,formal,0.3072485327720642,0.059708237648010254,1.0025112628936768,True,0.30724853,0.36695677,0.2713823,0.054412454,False,False,True,True,False,False
split_style_train,train,..\dataset\split_style\train\gothic\jacket_gothic_jacket_020.png,jacket_gothic_jacket_020.png,gothic,1,,gothic,1,0.9581573009490967,formal,0.02013057842850685,0.9380267225205898,0.04274328798055649,True,0.020130578,0.9581573,0.010904144,0.010807922,False,False,False,False,False,False
split_style_train,train,..\dataset\split_style\train\gothic\jacket_gothic_jacket_021.png,jacket_gothic_jacket_021.png,gothic,1,,gothic,1,0.44798678159713745,sporty,0.2286972552537918,0.21928952634334564,0.8029915690422058,True,0.15787126,0.44798678,0.22869726,0.16544473,False,False,False,True,True,True
split_style_train,train,..\dataset\split_style\train\gothic\jacket_gothic_jacket_022.png,jacket_gothic_jacket_022.png,gothic,1,,gothic,1,0.5591592192649841,sporty,0.32225725054740906,0.23690196871757507,0.5813210010528564,True,0.07662695,0.5591592,0.32225725,0.041956596,False,False,False,True,True,True
split_style_train,train,..\dataset\split_style\train\gothic\jacket_gothic_jacket_023.png,jacket_gothic_jacket_023.png,gothic,1,,gothic,1,0.9547500014305115,streetwear,0.020593343302607536,0.9341566581279039,0.04630577936768532,True,0.01669569,0.95475,0.007961015,0.020593343,False,False,False,False,True,False
split_style_train,train,..\dataset\split_style\train\gothic\jacket_gothic_jacket_024.png,jacket_gothic_jacket_024.png,gothic,1,,gothic,1,0.9637789726257324,streetwear,0.015099592506885529,0.9486793801188469,0.03689327463507652,True,0.010979197,0.963779,0.010142237,0.0150995925,False,False,False,False,True,False
split_style_train,train,..\dataset\split_style\train\gothic\jacket_gothic_jacket_027.png,jacket_gothic_jacket_027.png,gothic,1,,gothic,1,0.8501971364021301,sporty,0.11627998948097229,0.7339171469211578,0.16228701174259186,True,0.0127389785,0.85019714,0.11627999,0.020783784,False,False,False,False,True,False
split_style_train,train,..\dataset\split_style\train\gothic\jacket_gothic_jacket_028.png,jacket_gothic_jacket_028.png,gothic,1,,gothic,1,0.8368930220603943,sporty,0.10309791564941406,0.7337951064109802,0.17805904150009155,True,0.031962533,0.836893,0.103097916,0.02804654,False,False,False,False,True,False
split_style_train,train,..\dataset\split_style\train\gothic\jacket_gothic_jacket_029.png,jacket_gothic_jacket_029.png,gothic,1,,gothic,1,0.7925040125846863,streetwear,0.14420706033706665,0.6482969522476196,0.2325577288866043,True,0.03812084,0.792504,0.025168134,0.14420706,False,False,False,False,True,False
split_style_train,train,..\dataset\split_style\train\gothic\jacket_gothic_jacket_030.png,jacket_gothic_jacket_030.png,gothic,1,,gothic,1,0.870798647403717,formal,0.06571441888809204,0.805084228515625,0.13834451138973236,True,0.06571442,0.87079865,0.052316163,0.011170804,False,False,False,False,False,False
split_style_train,train,..\dataset\split_style\train\gothic\jacket_gothic_jacket_032.png,jacket_gothic_jacket_032.png,gothic,1,,gothic,1,0.9389556050300598,sporty,0.04303320124745369,0.8959224037826061,0.06298705190420151,True,0.013260017,0.9389556,0.0430332,0.004751149,False,False,False,False,True,False
split_style_train,train,..\dataset\split_style\train\gothic\jacket_gothic_jacket_033.png,jacket_gothic_jacket_033.png,gothic,1,,gothic,1,0.7755536437034607,formal,0.17471735179424286,0.6008362919092178,0.25417807698249817,True,0.17471735,0.77555364,0.041887667,0.007841286,False,False,False,False,False,False
split_style_train,train,..\dataset\split_style\train\gothic\jacket_gothic_jacket_035.png,jacket_gothic_jacket_035.png,gothic,1,,gothic,1,0.9607185125350952,sporty,0.01936350017786026,0.941355012357235,0.040073804557323456,True,0.008017379,0.9607185,0.0193635,0.011900582,False,False,False,False,True,False
split_style_train,train,..\dataset\split_style\train\gothic\jacket_gothic_jacket_036.png,jacket_gothic_jacket_036.png,gothic,1,,gothic,1,0.9301246404647827,sporty,0.043147630989551544,0.8869770094752312,0.07243669033050537,True,0.008403833,0.93012464,0.04314763,0.018323915,False,False,False,False,True,False
split_style_train,train,..\dataset\split_style\train\gothic\jacket_gothic_jacket_037.png,jacket_gothic_jacket_037.png,gothic,1,,gothic,1,0.9843668341636658,streetwear,0.0068593211472034454,0.9775075130164623,0.015756629407405853,True,0.0047406564,0.98436683,0.004033168,0.006859321,False,False,False,False,True,False
split_style_train,train,..\dataset\split_style\train\gothic\jacket_gothic_jacket_038.png,jacket_gothic_jacket_038.png,gothic,1,,gothic,1,0.45910975337028503,streetwear,0.3095109760761261,0.14959877729415894,0.778465986251831,True,0.12353092,0.45910975,0.1078483,0.30951098,False,False,True,True,True,True
split_style_train,train,..\dataset\split_style\train\gothic\jacket_gothic_jacket_039.png,jacket_gothic_jacket_039.png,gothic,1,,gothic,1,0.9381539821624756,sporty,0.029153157025575638,0.9090008251369,0.06384117901325226,True,0.025230044,0.938154,0.029153157,0.007462836,False,False,False,False,True,False
split_style_train,train,..\dataset\split_style\train\gothic\jacket_gothic_jacket_040.png,jacket_gothic_jacket_040.png,gothic,1,,gothic,1,0.948316216468811,formal,0.021839329972863197,0.9264768864959478,0.053067270666360855,True,0.02183933,0.9483162,0.013078778,0.016765695,False,False,False,False,False,False
split_style_train,train,..\dataset\split_style\train\gothic\jacket_gothic_jacket_041.png,jacket_gothic_jacket_041.png,gothic,1,,gothic,1,0.8745689988136292,streetwear,0.08086694031953812,0.793702058494091,0.13402406871318817,True,0.019864308,0.874569,0.024699697,0.08086694,False,False,False,False,True,False
split_style_train,train,..\dataset\split_style\train\gothic\jacket_gothic_jacket_042.png,jacket_gothic_jacket_042.png,gothic,1,,gothic,1,0.6312211155891418,formal,0.16456231474876404,0.4666588008403778,0.4600990414619446,True,0.16456231,0.6312211,0.07220908,0.13200742,False,False,False,False,False,False
split_style_train,train,..\dataset\split_style\train\gothic\jacket_gothic_jacket_043.png,jacket_gothic_jacket_043.png,gothic,1,,gothic,1,0.8373886942863464,formal,0.06615157425403595,0.7712371200323105,0.1774669587612152,True,0.066151574,0.8373887,0.041572485,0.054887265,False,False,False,False,False,False
split_style_train,train,..\dataset\split_style\train\gothic\jacket_gothic_jacket_044.png,jacket_gothic_jacket_044.png,gothic,1,,gothic,1,0.5471619963645935,formal,0.1994016319513321,0.3477603644132614,0.603010356426239,True,0.19940163,0.547162,0.060094085,0.19334222,False,False,False,True,False,False
split_style_train,train,..\dataset\split_style\train\gothic\jacket_gothic_jacket_045.png,jacket_gothic_jacket_045.png,gothic,1,,gothic,1,0.7336099147796631,sporty,0.1379951685667038,0.5956147462129593,0.3097778260707855,True,0.11113151,0.7336099,0.13799517,0.01726343,False,False,False,False,True,False
split_style_train,train,..\dataset\split_style\train\gothic\jacket_gothic_jacket_046.png,jacket_gothic_jacket_046.png,gothic,1,,gothic,1,0.984135091304779,formal,0.009227313101291656,0.9749077782034874,0.015992114320397377,True,0.009227313,0.9841351,0.0037719957,0.0028655562,False,False,False,False,False,False
split_style_train,train,..\dataset\split_style\train\gothic\jacket_gothic_jacket_047.png,jacket_gothic_jacket_047.png,gothic,1,,gothic,1,0.8212791681289673,sporty,0.10847439616918564,0.7128047719597816,0.1968921720981598,True,0.04434973,0.82127917,0.108474396,0.02589667,False,False,False,False,True,False
split_style_train,train,..\dataset\split_style\train\gothic\jacket_gothic_jacket_048.png,jacket_gothic_jacket_048.png,gothic,1,,gothic,1,0.8159999251365662,sporty,0.0733725056052208,0.7426274195313454,0.2033410370349884,True,0.06765702,0.8159999,0.073372506,0.042970553,False,False,False,False,True,False
split_style_train,train,..\dataset\split_style\train\gothic\jacket_gothic_jacket_050.png,jacket_gothic_jacket_050.png,gothic,1,,gothic,1,0.8678639531135559,sporty,0.06625589728355408,0.8016080558300018,0.14172032475471497,True,0.03312374,0.86786395,0.0662559,0.032756403,False,False,False,False,True,False
split_style_train,train,..\dataset\split_style\train\gothic\pants_gothic_pants_001.png,pants_gothic_pants_001.png,gothic,1,,gothic,1,0.9915848970413208,sporty,0.0036957638803869486,0.9878891331609339,0.008450700901448727,True,0.0022494053,0.9915849,0.0036957639,0.002469936,False,False,False,False,True,False
split_style_train,train,..\dataset\split_style\train\gothic\pants_gothic_pants_003.png,pants_gothic_pants_003.png,gothic,1,,gothic,1,0.9227496385574341,streetwear,0.06334391981363297,0.8594057187438011,0.0803973376750946,True,0.0007078908,0.92274964,0.013198588,0.06334392,False,False,False,False,True,False
split_style_train,train,..\dataset\split_style\train\gothic\pants_gothic_pants_004.png,pants_gothic_pants_004.png,gothic,1,,gothic,1,0.9681299924850464,streetwear,0.012777499854564667,0.9553524926304817,0.03238893672823906,True,0.008510696,0.96813,0.010581812,0.0127775,False,False,False,False,True,False
split_style_train,train,..\dataset\split_style\train\gothic\pants_gothic_pants_006.png,pants_gothic_pants_006.png,gothic,1,,gothic,1,0.9491772055625916,sporty,0.02723449282348156,0.92194271273911,0.052159760147333145,True,0.011121655,0.9491772,0.027234493,0.012466577,False,False,False,False,True,False
split_style_train,train,..\dataset\split_style\train\gothic\pants_gothic_pants_010.png,pants_gothic_pants_010.png,gothic,1,,gothic,1,0.9726990461349487,sporty,0.013395712710916996,0.9593033334240317,0.027680564671754837,True,0.009861443,0.97269905,0.013395713,0.004043864,False,False,False,False,True,False
split_style_train,train,..\dataset\split_style\train\gothic\pants_gothic_pants_012.png,pants_gothic_pants_012.png,gothic,1,,gothic,1,0.8654906749725342,sporty,0.1026633232831955,0.7628273516893387,0.14445871114730835,True,0.016521312,0.8654907,0.10266332,0.0153247295,False,False,False,False,True,False
split_style_train,train,..\dataset\split_style\train\gothic\pants_gothic_pants_015.png,pants_gothic_pants_015.png,gothic,1,,gothic,1,0.967036247253418,streetwear,0.018658433109521866,0.9483778141438961,0.03351931646466255,True,0.002064264,0.96703625,0.012241032,0.018658433,False,False,False,False,True,False
split_style_train,train,..\dataset\split_style\train\gothic\pants_gothic_pants_016.png,pants_gothic_pants_016.png,gothic,1,,gothic,1,0.8024250268936157,formal,0.08819394558668137,0.7142310813069344,0.22011688351631165,True,0.088193946,0.802425,0.083962515,0.025418518,False,False,False,False,False,False
split_style_train,train,..\dataset\split_style\train\gothic\pants_gothic_pants_017.png,pants_gothic_pants_017.png,gothic,1,,gothic,1,0.9769713282585144,sporty,0.01056673750281334,0.9664045907557011,0.023297972977161407,True,0.007218816,0.9769713,0.0105667375,0.0052431077,False,False,False,False,True,False
split_style_train,train,..\dataset\split_style\train\gothic\pants_gothic_pants_018.png,pants_gothic_pants_018.png,gothic,1,,gothic,1,0.9602916836738586,sporty,0.023521140217781067,0.9367705434560776,0.04051818326115608,True,0.011342931,0.9602917,0.02352114,0.00484423,False,False,False,False,True,False
split_style_train,train,..\dataset\split_style\train\gothic\pants_gothic_pants_019.png,pants_gothic_pants_019.png,gothic,1,,gothic,1,0.8904039859771729,formal,0.05280711129307747,0.8375968746840954,0.11608001589775085,True,0.05280711,0.890404,0.034545112,0.022243833,False,False,False,False,False,False
split_style_train,train,..\dataset\split_style\train\gothic\pants_gothic_pants_020.png,pants_gothic_pants_020.png,gothic,1,,gothic,1,0.6390122175216675,streetwear,0.1945260465145111,0.44448617100715637,0.4478316903114319,True,0.06662431,0.6390122,0.09983741,0.19452605,False,False,False,False,True,False
split_style_train,train,..\dataset\split_style\train\gothic\pants_gothic_pants_021.png,pants_gothic_pants_021.png,gothic,1,,gothic,1,0.9842766523361206,formal,0.010310045443475246,0.9739666068926454,0.015848271548748016,True,0.010310045,0.98427665,0.0034756176,0.0019376391,False,False,False,False,False,False
split_style_train,train,..\dataset\split_style\train\gothic\pants_gothic_pants_023.png,pants_gothic_pants_023.png,gothic,1,,gothic,1,0.9355972409248352,sporty,0.04036051407456398,0.8952367268502712,0.06657017767429352,True,0.020350683,0.93559724,0.040360514,0.0036916048,False,False,False,False,True,False
split_style_train,train,..\dataset\split_style\train\gothic\pants_gothic_pants_024.png,pants_gothic_pants_024.png,gothic,1,,gothic,1,0.981878936290741,streetwear,0.009526530280709267,0.9723524060100317,0.01828726939857006,True,0.0054257344,0.98187894,0.0031687927,0.00952653,False,False,False,False,True,False
split_style_train,train,..\dataset\split_style\train\gothic\pants_gothic_pants_025.png,pants_gothic_pants_025.png,gothic,1,,gothic,1,0.987694263458252,streetwear,0.006982819642871618,0.9807114438153803,0.012382064945995808,True,0.0009519511,0.98769426,0.0043708994,0.0069828196,False,False,False,False,True,False
split_style_train,train,..\dataset\split_style\train\gothic\pants_gothic_pants_026.png,pants_gothic_pants_026.png,gothic,1,,gothic,1,0.850792646408081,sporty,0.09057006984949112,0.7602225765585899,0.16158682107925415,True,0.041900303,0.85079265,0.09057007,0.016736874,False,False,False,False,True,False
split_style_train,train,..\dataset\split_style\train\gothic\pants_gothic_pants_027.png,pants_gothic_pants_027.png,gothic,1,,gothic,1,0.9438849687576294,sporty,0.024360239505767822,0.9195247292518616,0.057750947773456573,True,0.023125349,0.94388497,0.02436024,0.008629342,False,False,False,False,True,False
split_style_train,train,..\dataset\split_style\train\gothic\pants_gothic_pants_028.png,pants_gothic_pants_028.png,gothic,1,,gothic,1,0.9176538586616516,sporty,0.03750454634428024,0.8801493123173714,0.08593501150608063,True,0.03265611,0.91765386,0.037504546,0.012185533,False,False,False,False,True,False
split_style_train,train,..\dataset\split_style\train\gothic\pants_gothic_pants_029.png,pants_gothic_pants_029.png,gothic,1,,streetwear,3,0.5961130857467651,gothic,0.29746559262275696,0.2986474931240082,1.2124567031860352,False,0.009404838,0.2974656,0.09701647,0.5961131,True,True,False,True,True,True
split_style_train,train,..\dataset\split_style\train\gothic\pants_gothic_pants_031.png,pants_gothic_pants_031.png,gothic,1,,gothic,1,0.909427285194397,streetwear,0.07155507057905197,0.837872214615345,0.09494026005268097,True,0.014631174,0.9094273,0.004386536,0.07155507,False,False,False,False,True,False
split_style_train,train,..\dataset\split_style\train\gothic\pants_gothic_pants_032.png,pants_gothic_pants_032.png,gothic,1,,gothic,1,0.906095564365387,sporty,0.051403556019067764,0.8546920083463192,0.0986105278134346,True,0.025653992,0.90609556,0.051403556,0.016846934,False,False,False,False,True,False
split_style_train,train,..\dataset\split_style\train\gothic\pants_gothic_pants_033.png,pants_gothic_pants_033.png,gothic,1,,gothic,1,0.9474758505821228,sporty,0.03960905596613884,0.907866794615984,0.053953852504491806,True,0.0061429637,0.94747585,0.039609056,0.006772121,False,False,False,False,True,False
split_style_train,train,..\dataset\split_style\train\gothic\pants_gothic_pants_034.png,pants_gothic_pants_034.png,gothic,1,,gothic,1,0.9449677467346191,sporty,0.04137249290943146,0.9035952538251877,0.056604500859975815,True,0.0049223453,0.94496775,0.041372493,0.008737426,False,False,False,False,True,False
split_style_train,train,..\dataset\split_style\train\gothic\pants_gothic_pants_036.png,pants_gothic_pants_036.png,gothic,1,,gothic,1,0.7307178378105164,streetwear,0.188562273979187,0.5421555638313293,0.31372788548469543,True,0.019664668,0.73071784,0.061055243,0.18856227,False,False,False,False,True,False
split_style_train,train,..\dataset\split_style\train\gothic\pants_gothic_pants_038.png,pants_gothic_pants_038.png,gothic,1,,gothic,1,0.9701653122901917,streetwear,0.01956666074693203,0.9505986515432596,0.030288809910416603,True,0.0012660932,0.9701653,0.009001891,0.01956666,False,False,False,False,True,False
split_style_train,train,..\dataset\split_style\train\gothic\pants_gothic_pants_039.png,pants_gothic_pants_039.png,gothic,1,,gothic,1,0.9086343050003052,sporty,0.048140447586774826,0.8604938574135303,0.0958125963807106,True,0.002096552,0.9086343,0.048140448,0.041128784,False,False,False,False,True,False
split_style_train,train,..\dataset\split_style\train\gothic\pants_gothic_pants_040.png,pants_gothic_pants_040.png,gothic,1,,gothic,1,0.9637126922607422,sporty,0.02090180106461048,0.9428108911961317,0.03696209192276001,True,0.0042177783,0.9637127,0.020901801,0.011167695,False,False,False,False,True,False
split_style_train,train,..\dataset\split_style\train\gothic\pants_gothic_pants_042.png,pants_gothic_pants_042.png,gothic,1,,gothic,1,0.9531209468841553,streetwear,0.023139644414186478,0.9299813024699688,0.04801348224282265,True,0.014852935,0.95312095,0.0088864565,0.023139644,False,False,False,False,True,False
split_style_train,train,..\dataset\split_style\train\gothic\pants_gothic_pants_043.png,pants_gothic_pants_043.png,gothic,1,,gothic,1,0.8405185341835022,formal,0.0812046006321907,0.7593139335513115,0.17373624444007874,True,0.0812046,0.84051853,0.063126735,0.01515003,False,False,False,False,False,False
split_style_train,train,..\dataset\split_style\train\gothic\pants_gothic_pants_044.png,pants_gothic_pants_044.png,gothic,1,,gothic,1,0.949573814868927,streetwear,0.026826342567801476,0.9227474723011255,0.051742035895586014,True,0.005443793,0.9495738,0.018156068,0.026826343,False,False,False,False,True,False
split_style_train,train,..\dataset\split_style\train\gothic\pants_gothic_pants_045.png,pants_gothic_pants_045.png,gothic,1,,gothic,1,0.9106724262237549,sporty,0.07020466774702072,0.8404677584767342,0.09357202798128128,True,0.0063833287,0.9106724,0.07020467,0.0127395475,False,False,False,False,True,False
split_style_train,train,..\dataset\split_style\train\gothic\pants_gothic_pants_047.png,pants_gothic_pants_047.png,gothic,1,,gothic,1,0.4255090653896332,streetwear,0.3041250705718994,0.12138399481773376,0.8544690608978271,True,0.13452676,0.42550907,0.13583913,0.30412507,False,False,True,True,True,True
split_style_train,train,..\dataset\split_style\train\gothic\pants_gothic_pants_048.png,pants_gothic_pants_048.png,gothic,1,,gothic,1,0.9609859585762024,formal,0.01802743226289749,0.9429585263133049,0.039795465767383575,True,0.018027432,0.96098596,0.014565955,0.006420637,False,False,False,False,False,False
split_style_train,train,..\dataset\split_style\train\gothic\pants_gothic_pants_049.png,pants_gothic_pants_049.png,gothic,1,,gothic,1,0.9729353785514832,formal,0.012712421827018261,0.9602229567244649,0.027437610551714897,True,0.012712422,0.9729354,0.011559591,0.0027925991,False,False,False,False,False,False
split_style_train,train,..\dataset\split_style\train\gothic\pants_gothic_pants_050.png,pants_gothic_pants_050.png,gothic,1,,gothic,1,0.9308363795280457,sporty,0.0406559593975544,0.8901804201304913,0.07167177647352219,True,0.0030880675,0.9308364,0.04065596,0.025419638,False,False,False,False,True,False
split_style_train,train,..\dataset\split_style\train\gothic\shoes_gothic_shoes_001.png,shoes_gothic_shoes_001.png,gothic,1,,gothic,1,0.7117802500724792,sporty,0.1806669980287552,0.5311132520437241,0.33998602628707886,True,0.0413761,0.71178025,0.180667,0.06617671,False,False,False,False,True,False
split_style_train,train,..\dataset\split_style\train\gothic\shoes_gothic_shoes_002.png,shoes_gothic_shoes_002.png,gothic,1,,gothic,1,0.8894243240356445,formal,0.039814092218875885,0.8496102318167686,0.11718087643384933,True,0.039814092,0.8894243,0.0337694,0.036992192,False,False,False,False,False,False
split_style_train,train,..\dataset\split_style\train\gothic\shoes_gothic_shoes_007.png,shoes_gothic_shoes_007.png,gothic,1,,gothic,1,0.9321882128715515,formal,0.03947839140892029,0.8927098214626312,0.07022053003311157,True,0.03947839,0.9321882,0.015304106,0.0130292615,False,False,False,False,False,False
split_style_train,train,..\dataset\split_style\train\gothic\shoes_gothic_shoes_008.png,shoes_gothic_shoes_008.png,gothic,1,,gothic,1,0.9472036361694336,formal,0.03585463762283325,0.9113489985466003,0.05424115061759949,True,0.035854638,0.94720364,0.008483592,0.008458121,False,False,False,False,False,False
split_style_train,train,..\dataset\split_style\train\gothic\shoes_gothic_shoes_010.png,shoes_gothic_shoes_010.png,gothic,1,,gothic,1,0.8050681352615356,streetwear,0.09800843894481659,0.707059696316719,0.2168283611536026,True,0.029158527,0.80506814,0.06776493,0.09800844,False,False,False,False,True,False
split_style_train,train,..\dataset\split_style\train\gothic\shoes_gothic_shoes_012.png,shoes_gothic_shoes_012.png,gothic,1,,gothic,1,0.9322155714035034,streetwear,0.028022965416312218,0.9041926059871912,0.07019118964672089,True,0.022978902,0.9322156,0.016782537,0.028022965,False,False,False,False,True,False
split_style_train,train,..\dataset\split_style\train\gothic\shoes_gothic_shoes_014.png,shoes_gothic_shoes_014.png,gothic,1,,gothic,1,0.9600233435630798,formal,0.024982905015349388,0.9350404385477304,0.04079769551753998,True,0.024982905,0.96002334,0.003588558,0.011405191,False,False,False,False,False,False
split_style_train,train,..\dataset\split_style\train\gothic\shoes_gothic_shoes_015.png,shoes_gothic_shoes_015.png,gothic,1,,gothic,1,0.6251695156097412,formal,0.2848238945007324,0.3403456211090088,0.46973246335983276,True,0.2848239,0.6251695,0.03326137,0.056745198,False,False,False,False,False,False
split_style_train,train,..\dataset\split_style\train\gothic\shoes_gothic_shoes_017.png,shoes_gothic_shoes_017.png,gothic,1,,gothic,1,0.6971310973167419,formal,0.20103181898593903,0.4960992783308029,0.3607817590236664,True,0.20103182,0.6971311,0.06313982,0.038697165,False,False,False,False,False,False
split_style_train,train,..\dataset\split_style\train\gothic\shoes_gothic_shoes_018.png,shoes_gothic_shoes_018.png,gothic,1,,gothic,1,0.8880038857460022,formal,0.04574897512793541,0.8422549106180668,0.11877913028001785,True,0.045748975,0.8880039,0.04049918,0.025747921,False,False,False,False,False,False
split_style_train,train,..\dataset\split_style\train\gothic\shoes_gothic_shoes_019.png,shoes_gothic_shoes_019.png,gothic,1,,gothic,1,0.9666765332221985,formal,0.022560276091098785,0.9441162571310997,0.03389137238264084,True,0.022560276,0.96667653,0.006461636,0.0043015773,False,False,False,False,False,False
split_style_train,train,..\dataset\split_style\train\gothic\shoes_gothic_shoes_021.png,shoes_gothic_shoes_021.png,gothic,1,,gothic,1,0.8696931600570679,formal,0.09369741380214691,0.775995746254921,0.13961482048034668,True,0.093697414,0.86969316,0.025127102,0.011482396,False,False,False,False,False,False
split_style_train,train,..\dataset\split_style\train\gothic\shoes_gothic_shoes_023.png,shoes_gothic_shoes_023.png,gothic,1,,gothic,1,0.8689069151878357,formal,0.10999032855033875,0.758916586637497,0.14051929116249084,True,0.10999033,0.8689069,0.007654859,0.013447873,False,False,False,False,False,False
split_style_train,train,..\dataset\split_style\train\gothic\shoes_gothic_shoes_024.png,shoes_gothic_shoes_024.png,gothic,1,,gothic,1,0.9695433974266052,formal,0.013115056790411472,0.9564283406361938,0.030930014327168465,True,0.013115057,0.9695434,0.01140094,0.0059406483,False,False,False,False,False,False
split_style_train,train,..\dataset\split_style\train\gothic\shoes_gothic_shoes_026.png,shoes_gothic_shoes_026.png,gothic,1,,gothic,1,0.965158224105835,sporty,0.01750180870294571,0.9476564154028893,0.035463232547044754,True,0.0057959687,0.9651582,0.017501809,0.011544064,False,False,False,False,True,False
split_style_train,train,..\dataset\split_style\train\gothic\shoes_gothic_shoes_027.png,shoes_gothic_shoes_027.png,gothic,1,,gothic,1,0.9606905579566956,streetwear,0.02464929036796093,0.9360412675887346,0.040102895349264145,True,0.0027785155,0.96069056,0.011881655,0.02464929,False,False,False,False,True,False
split_style_train,train,..\dataset\split_style\train\gothic\shoes_gothic_shoes_028.png,shoes_gothic_shoes_028.png,gothic,1,,streetwear,3,0.43742433190345764,gothic,0.36860063672065735,0.06882369518280029,0.9980415105819702,False,0.058319446,0.36860064,0.13565558,0.43742433,True,False,True,True,True,True
split_style_train,train,..\dataset\split_style\train\gothic\shoes_gothic_shoes_029.png,shoes_gothic_shoes_029.png,gothic,1,,gothic,1,0.9591946601867676,formal,0.02066207490861416,0.9385325852781534,0.04166125878691673,True,0.020662075,0.95919466,0.0138208885,0.0063224155,False,False,False,False,False,False
split_style_train,train,..\dataset\split_style\train\gothic\shoes_gothic_shoes_030.png,shoes_gothic_shoes_030.png,gothic,1,,gothic,1,0.7639724612236023,formal,0.1636696308851242,0.6003028303384781,0.26922351121902466,True,0.16366963,0.76397246,0.049788103,0.022569774,False,False,False,False,False,False
split_style_train,train,..\dataset\split_style\train\gothic\shoes_gothic_shoes_031.png,shoes_gothic_shoes_031.png,gothic,1,,gothic,1,0.9482976794242859,formal,0.023675154894590378,0.9246225245296955,0.05308682844042778,True,0.023675155,0.9482977,0.018187383,0.009839796,False,False,False,False,False,False
split_style_train,train,..\dataset\split_style\train\gothic\shoes_gothic_shoes_034.png,shoes_gothic_shoes_034.png,gothic,1,,gothic,1,0.8516881465911865,formal,0.06334586441516876,0.7883422821760178,0.1605348289012909,True,0.063345864,0.85168815,0.05086711,0.03409891,False,False,False,False,False,False
split_style_train,train,..\dataset\split_style\train\gothic\shoes_gothic_shoes_035.png,shoes_gothic_shoes_035.png,gothic,1,,gothic,1,0.5639768838882446,formal,0.24205398559570312,0.3219228982925415,0.5727419853210449,True,0.24205399,0.5639769,0.047982343,0.14598681,False,False,False,True,False,False
split_style_train,train,..\dataset\split_style\train\gothic\shoes_gothic_shoes_036.png,shoes_gothic_shoes_036.png,gothic,1,,gothic,1,0.9780274629592896,streetwear,0.01297817099839449,0.9650492919608951,0.022217534482479095,True,0.002096354,0.97802746,0.006897925,0.012978171,False,False,False,False,True,False
split_style_train,train,..\dataset\split_style\train\gothic\shoes_gothic_shoes_037.png,shoes_gothic_shoes_037.png,gothic,1,,gothic,1,0.963769793510437,formal,0.028374556452035904,0.9353952370584011,0.036902811378240585,True,0.028374556,0.9637698,0.0034667067,0.0043889447,False,False,False,False,False,False
split_style_train,train,..\dataset\split_style\train\gothic\shoes_gothic_shoes_038.png,shoes_gothic_shoes_038.png,gothic,1,,gothic,1,0.9792729616165161,formal,0.015892500057816505,0.9633804615586996,0.02094484493136406,True,0.0158925,0.97927296,0.00202376,0.002810653,False,False,False,False,False,False
split_style_train,train,..\dataset\split_style\train\gothic\shoes_gothic_shoes_040.png,shoes_gothic_shoes_040.png,gothic,1,,gothic,1,0.9677607417106628,streetwear,0.023039136081933975,0.9447216056287289,0.03277041018009186,True,0.003628829,0.96776074,0.005571251,0.023039136,False,False,False,False,True,False
split_style_train,train,..\dataset\split_style\train\gothic\shoes_gothic_shoes_041.png,shoes_gothic_shoes_041.png,gothic,1,,gothic,1,0.9648413062095642,formal,0.02442001737654209,0.9404212888330221,0.03579166159033775,True,0.024420017,0.9648413,0.0075898278,0.0031488931,False,False,False,False,False,False
split_style_train,train,..\dataset\split_style\train\gothic\shoes_gothic_shoes_043.png,shoes_gothic_shoes_043.png,gothic,1,,gothic,1,0.96169513463974,sporty,0.019205810502171516,0.9424893241375685,0.03905778378248215,True,0.011682618,0.96169513,0.01920581,0.0074164965,False,False,False,False,True,False
split_style_train,train,..\dataset\split_style\train\gothic\shoes_gothic_shoes_044.png,shoes_gothic_shoes_044.png,gothic,1,,gothic,1,0.9651921987533569,formal,0.017145009711384773,0.9480471890419722,0.03542802482843399,True,0.01714501,0.9651922,0.0058230073,0.011839735,False,False,False,False,False,False
split_style_train,train,..\dataset\split_style\train\gothic\shoes_gothic_shoes_045.png,shoes_gothic_shoes_045.png,gothic,1,,gothic,1,0.9019686579704285,formal,0.052211154252290726,0.8497575037181377,0.10317550599575043,True,0.052211154,0.90196866,0.032912176,0.01290807,False,False,False,False,False,False
split_style_train,train,..\dataset\split_style\train\gothic\shoes_gothic_shoes_046.png,shoes_gothic_shoes_046.png,gothic,1,,gothic,1,0.9862257242202759,sporty,0.00547068752348423,0.9807550366967916,0.013870044611394405,True,0.004474995,0.9862257,0.0054706875,0.0038286096,False,False,False,False,True,False
split_style_train,train,..\dataset\split_style\train\gothic\shoes_gothic_shoes_049.png,shoes_gothic_shoes_049.png,gothic,1,,gothic,1,0.9579516053199768,formal,0.02384435012936592,0.9341072551906109,0.04295800253748894,True,0.02384435,0.9579516,0.005929152,0.012274948,False,False,False,False,False,False
split_style_train,train,..\dataset\split_style\train\gothic\shoes_gothic_shoes_050.png,shoes_gothic_shoes_050.png,gothic,1,,gothic,1,0.9439874887466431,formal,0.0228254534304142,0.9211620353162289,0.05764235928654671,True,0.022825453,0.9439875,0.01641062,0.01677635,False,False,False,False,False,False
split_style_train,train,..\dataset\split_style\train\gothic\tshirt_gothic_tshirt_002.png,tshirt_gothic_tshirt_002.png,gothic,1,,gothic,1,0.9388948678970337,sporty,0.035679835826158524,0.9032150320708752,0.0630517452955246,True,0.004830795,0.93889487,0.035679836,0.02059458,False,False,False,False,True,False
split_style_train,train,..\dataset\split_style\train\gothic\tshirt_gothic_tshirt_003.png,tshirt_gothic_tshirt_003.png,gothic,1,,gothic,1,0.7935214638710022,streetwear,0.15417611598968506,0.6393453478813171,0.23127470910549164,True,0.040431455,0.79352146,0.011870955,0.15417612,False,False,False,False,True,False
split_style_train,train,..\dataset\split_style\train\gothic\tshirt_gothic_tshirt_004.png,tshirt_gothic_tshirt_004.png,gothic,1,,gothic,1,0.8585453629493713,streetwear,0.08166150748729706,0.7768838554620743,0.15251576900482178,True,0.033512823,0.85854536,0.026280254,0.08166151,False,False,False,False,True,False
split_style_train,train,..\dataset\split_style\train\gothic\tshirt_gothic_tshirt_005.png,tshirt_gothic_tshirt_005.png,gothic,1,,gothic,1,0.6943528056144714,streetwear,0.25935325026512146,0.43499955534935,0.3647750914096832,True,0.02249688,0.6943528,0.023797076,0.25935325,False,False,False,False,True,False
split_style_train,train,..\dataset\split_style\train\gothic\tshirt_gothic_tshirt_007.png,tshirt_gothic_tshirt_007.png,gothic,1,,gothic,1,0.5257672071456909,sporty,0.24684135615825653,0.2789258509874344,0.6428967118263245,True,0.13128278,0.5257672,0.24684136,0.09610865,False,False,False,True,True,True
split_style_train,train,..\dataset\split_style\train\gothic\tshirt_gothic_tshirt_008.png,tshirt_gothic_tshirt_008.png,gothic,1,,gothic,1,0.8536067605018616,streetwear,0.06205742806196213,0.7915493324398994,0.15828464925289154,True,0.041063055,0.85360676,0.043272745,0.062057428,False,False,False,False,True,False
split_style_train,train,..\dataset\split_style\train\gothic\tshirt_gothic_tshirt_009.png,tshirt_gothic_tshirt_009.png,gothic,1,,gothic,1,0.5158895254135132,streetwear,0.30013471841812134,0.21575480699539185,0.6618626117706299,True,0.17450793,0.5158895,0.009467834,0.30013472,False,False,False,True,True,True
split_style_train,train,..\dataset\split_style\train\gothic\tshirt_gothic_tshirt_010.png,tshirt_gothic_tshirt_010.png,gothic,1,,gothic,1,0.6897744536399841,streetwear,0.27481865882873535,0.4149557948112488,0.37139061093330383,True,0.028312733,0.68977445,0.007094087,0.27481866,False,False,False,False,True,False
split_style_train,train,..\dataset\split_style\train\gothic\tshirt_gothic_tshirt_011.png,tshirt_gothic_tshirt_011.png,gothic,1,,gothic,1,0.9095842242240906,streetwear,0.048833493143320084,0.8607507310807705,0.09476765245199203,True,0.016589208,0.9095842,0.024993097,0.048833493,False,False,False,False,True,False
split_style_train,train,..\dataset\split_style\train\gothic\tshirt_gothic_tshirt_013.png,tshirt_gothic_tshirt_013.png,gothic,1,,gothic,1,0.9441673755645752,streetwear,0.03638026863336563,0.9077871069312096,0.057451825588941574,True,0.016370049,0.9441674,0.0030823788,0.03638027,False,False,False,False,True,False
split_style_train,train,..\dataset\split_style\train\gothic\tshirt_gothic_tshirt_014.png,tshirt_gothic_tshirt_014.png,gothic,1,,gothic,1,0.876738429069519,streetwear,0.06081792339682579,0.8159205056726933,0.13154657185077667,True,0.037759673,0.8767384,0.02468399,0.060817923,False,False,False,False,True,False
split_style_train,train,..\dataset\split_style\train\gothic\tshirt_gothic_tshirt_015.png,tshirt_gothic_tshirt_015.png,gothic,1,,gothic,1,0.985326886177063,streetwear,0.00614380044862628,0.9791830857284367,0.014781832695007324,True,0.0031150577,0.9853269,0.0054143616,0.0061438004,False,False,False,False,True,False
split_style_train,train,..\dataset\split_style\train\gothic\tshirt_gothic_tshirt_016.png,tshirt_gothic_tshirt_016.png,gothic,1,,gothic,1,0.9571401476860046,formal,0.02135877124965191,0.9357813764363527,0.04380543902516365,True,0.021358771,0.95714015,0.013192822,0.008308159,False,False,False,False,False,False
split_style_train,train,..\dataset\split_style\train\gothic\tshirt_gothic_tshirt_018.png,tshirt_gothic_tshirt_018.png,gothic,1,,gothic,1,0.9176899194717407,streetwear,0.037312064319849014,0.8803778551518917,0.08589573949575424,True,0.029098578,0.9176899,0.015899437,0.037312064,False,False,False,False,True,False
split_style_train,train,..\dataset\split_style\train\gothic\tshirt_gothic_tshirt_019.png,tshirt_gothic_tshirt_019.png,gothic,1,,gothic,1,0.9677607417106628,streetwear,0.02081640064716339,0.9469443410634995,0.03277041018009186,True,0.008462415,0.96776074,0.0029604256,0.0208164,False,False,False,False,True,False
split_style_train,train,..\dataset\split_style\train\gothic\tshirt_gothic_tshirt_020.png,tshirt_gothic_tshirt_020.png,gothic,1,,gothic,1,0.8750325441360474,streetwear,0.07393340766429901,0.8010991364717484,0.13349419832229614,True,0.036591228,0.87503254,0.01444278,0.07393341,False,False,False,False,True,False
split_style_train,train,..\dataset\split_style\train\gothic\tshirt_gothic_tshirt_024.png,tshirt_gothic_tshirt_024.png,gothic,1,,gothic,1,0.853178083896637,streetwear,0.10476354509592056,0.7484145388007164,0.15878699719905853,True,0.021268016,0.8531781,0.020790324,0.104763545,False,False,False,False,True,False
split_style_train,train,..\dataset\split_style\train\gothic\tshirt_gothic_tshirt_025.png,tshirt_gothic_tshirt_025.png,gothic,1,,gothic,1,0.9288994669914246,formal,0.03330736607313156,0.895592100918293,0.07375473529100418,True,0.033307366,0.92889947,0.021082444,0.016710714,False,False,False,False,False,False
split_style_train,train,..\dataset\split_style\train\gothic\tshirt_gothic_tshirt_028.png,tshirt_gothic_tshirt_028.png,gothic,1,,gothic,1,0.6752256751060486,streetwear,0.2724790573120117,0.40274661779403687,0.39270833134651184,True,0.021579286,0.6752257,0.030716026,0.27247906,False,False,False,False,True,False
split_style_train,train,..\dataset\split_style\train\gothic\tshirt_gothic_tshirt_030.png,tshirt_gothic_tshirt_030.png,gothic,1,,gothic,1,0.9879294633865356,formal,0.0060491845943033695,0.9818802787922323,0.012143961153924465,True,0.0060491846,0.98792946,0.0029476255,0.0030737258,False,False,False,False,False,False
split_style_train,train,..\dataset\split_style\train\gothic\tshirt_gothic_tshirt_031.png,tshirt_gothic_tshirt_031.png,gothic,1,,gothic,1,0.9474029541015625,streetwear,0.03124670311808586,0.9161562509834766,0.05403076857328415,True,0.008028934,0.94740295,0.013321489,0.031246703,False,False,False,False,True,False
split_style_train,train,..\dataset\split_style\train\gothic\tshirt_gothic_tshirt_032.png,tshirt_gothic_tshirt_032.png,gothic,1,,gothic,1,0.9268749952316284,sporty,0.03786803036928177,0.8890069648623466,0.07593657076358795,True,0.017132835,0.926875,0.03786803,0.018124145,False,False,False,False,True,False
split_style_train,train,..\dataset\split_style\train\gothic\tshirt_gothic_tshirt_034.png,tshirt_gothic_tshirt_034.png,gothic,1,,gothic,1,0.9649930000305176,streetwear,0.013712706044316292,0.9512802939862013,0.035634420812129974,True,0.0107758185,0.964993,0.010518469,0.013712706,False,False,False,False,True,False
split_style_train,train,..\dataset\split_style\train\gothic\tshirt_gothic_tshirt_035.png,tshirt_gothic_tshirt_035.png,gothic,1,,gothic,1,0.791597843170166,streetwear,0.14227326214313507,0.649324581027031,0.23370182514190674,True,0.03819184,0.79159784,0.02793704,0.14227326,False,False,False,False,True,False
split_style_train,train,..\dataset\split_style\train\gothic\tshirt_gothic_tshirt_036.png,tshirt_gothic_tshirt_036.png,gothic,1,,gothic,1,0.9278872013092041,formal,0.032928332686424255,0.8949588686227798,0.0748450830578804,True,0.032928333,0.9278872,0.00909922,0.030085271,False,False,False,False,False,False
split_style_train,train,..\dataset\split_style\train\gothic\tshirt_gothic_tshirt_038.png,tshirt_gothic_tshirt_038.png,gothic,1,,gothic,1,0.9132674336433411,streetwear,0.04398275166749954,0.8692846819758415,0.09072651714086533,True,0.036066107,0.91326743,0.006683786,0.04398275,False,False,False,False,True,False
split_style_train,train,..\dataset\split_style\train\gothic\tshirt_gothic_tshirt_039.png,tshirt_gothic_tshirt_039.png,gothic,1,,gothic,1,0.9407705068588257,streetwear,0.0509546659886837,0.889815840870142,0.06105603650212288,True,0.0040182895,0.9407705,0.0042564534,0.050954666,False,False,False,False,True,False
split_style_train,train,..\dataset\split_style\train\gothic\tshirt_gothic_tshirt_040.png,tshirt_gothic_tshirt_040.png,gothic,1,,gothic,1,0.6144185066223145,streetwear,0.31425532698631287,0.3001631796360016,0.4870789647102356,True,0.054962993,0.6144185,0.016363127,0.31425533,False,False,False,False,True,False
split_style_train,train,..\dataset\split_style\train\gothic\tshirt_gothic_tshirt_041.png,tshirt_gothic_tshirt_041.png,gothic,1,,gothic,1,0.8946908712387085,sporty,0.04232582822442055,0.852365043014288,0.1112770363688469,True,0.030970287,0.8946909,0.04232583,0.032013077,False,False,False,False,True,False
split_style_train,train,..\dataset\split_style\train\gothic\tshirt_gothic_tshirt_042.png,tshirt_gothic_tshirt_042.png,gothic,1,,gothic,1,0.7015441656112671,formal,0.1437504142522812,0.5577937513589859,0.3544713854789734,True,0.14375041,0.70154417,0.01197841,0.14272696,False,False,False,False,False,False
split_style_train,train,..\dataset\split_style\train\gothic\tshirt_gothic_tshirt_043.png,tshirt_gothic_tshirt_043.png,gothic,1,,gothic,1,0.8917599320411682,streetwear,0.05349574610590935,0.8382641859352589,0.11455834656953812,True,0.049988933,0.89175993,0.004755363,0.053495746,False,False,False,False,True,False
split_style_train,train,..\dataset\split_style\train\gothic\tshirt_gothic_tshirt_045.png,tshirt_gothic_tshirt_045.png,gothic,1,,gothic,1,0.9113584756851196,streetwear,0.05867985635995865,0.852678619325161,0.092818982899189,True,0.026861241,0.9113585,0.0031005116,0.058679856,False,False,False,False,True,False
split_style_train,train,..\dataset\split_style\train\gothic\tshirt_gothic_tshirt_047.png,tshirt_gothic_tshirt_047.png,gothic,1,,gothic,1,0.7162202000617981,streetwear,0.24229837954044342,0.4739218205213547,0.3337676227092743,True,0.032674544,0.7162202,0.008806853,0.24229838,False,False,False,False,True,False
split_style_train,train,..\dataset\split_style\train\gothic\tshirt_gothic_tshirt_048.png,tshirt_gothic_tshirt_048.png,gothic,1,,gothic,1,0.9727804660797119,sporty,0.010082574561238289,0.9626978915184736,0.027596842497587204,True,0.008376779,0.97278047,0.010082575,0.008760156,False,False,False,False,True,False
split_style_train,train,..\dataset\split_style\train\sporty\jacket_sporty_jacket_002.png,jacket_sporty_jacket_002.png,sporty,2,,sporty,2,0.6882731318473816,formal,0.1681363433599472,0.5201367884874344,0.3735695481300354,True,0.16813634,0.005321954,0.68827313,0.13826856,False,False,False,False,False,False
split_style_train,train,..\dataset\split_style\train\sporty\jacket_sporty_jacket_004.png,jacket_sporty_jacket_004.png,sporty,2,,formal,0,0.705335259437561,sporty,0.24217765033245087,0.46315760910511017,1.418083667755127,False,0.70533526,0.005191346,0.24217765,0.04729575,True,True,False,False,False,False
split_style_train,train,..\dataset\split_style\train\sporty\jacket_sporty_jacket_005.png,jacket_sporty_jacket_005.png,sporty,2,,sporty,2,0.37380555272102356,streetwear,0.32576489448547363,0.04804065823554993,0.9840195178985596,True,0.28596696,0.014462547,0.37380555,0.3257649,False,False,True,True,True,True
split_style_train,train,..\dataset\split_style\train\sporty\jacket_sporty_jacket_006.png,jacket_sporty_jacket_006.png,sporty,2,,sporty,2,0.4487549662590027,formal,0.2740989923477173,0.1746559739112854,0.801278293132782,True,0.274099,0.042832512,0.44875497,0.23431352,False,False,True,True,False,False
split_style_train,train,..\dataset\split_style\train\sporty\jacket_sporty_jacket_008.png,jacket_sporty_jacket_008.png,sporty,2,,formal,0,0.5931001305580139,sporty,0.3304781913757324,0.2626219391822815,1.1072145700454712,False,0.59310013,0.0059396503,0.3304782,0.07048197,True,True,False,True,False,False
split_style_train,train,..\dataset\split_style\train\sporty\jacket_sporty_jacket_009.png,jacket_sporty_jacket_009.png,sporty,2,,formal,0,0.45829325914382935,sporty,0.35417282581329346,0.10412043333053589,1.0379703044891357,False,0.45829326,0.024221856,0.35417283,0.16331209,True,True,True,True,False,False
split_style_train,train,..\dataset\split_style\train\sporty\jacket_sporty_jacket_013.png,jacket_sporty_jacket_013.png,sporty,2,,sporty,2,0.5350003242492676,streetwear,0.2634981870651245,0.27150213718414307,0.6254879236221313,True,0.17184442,0.029657101,0.5350003,0.2634982,False,False,False,True,True,True
split_style_train,train,..\dataset\split_style\train\sporty\jacket_sporty_jacket_015.png,jacket_sporty_jacket_015.png,sporty,2,,sporty,2,0.8260090947151184,gothic,0.1257128268480301,0.7002962678670883,0.19114950299263,True,0.03226051,0.12571283,0.8260091,0.01601756,False,False,False,False,True,False
split_style_train,train,..\dataset\split_style\train\sporty\jacket_sporty_jacket_016.png,jacket_sporty_jacket_016.png,sporty,2,,sporty,2,0.7401067018508911,streetwear,0.16233357787132263,0.5777731239795685,0.30096086859703064,True,0.06667922,0.030880488,0.7401067,0.16233358,False,False,False,False,True,False
split_style_train,train,..\dataset\split_style\train\sporty\jacket_sporty_jacket_017.png,jacket_sporty_jacket_017.png,sporty,2,,sporty,2,0.8782230019569397,streetwear,0.0497535802423954,0.8284694217145443,0.1298547089099884,True,0.041132707,0.030890718,0.878223,0.04975358,False,False,False,False,True,False
split_style_train,train,..\dataset\split_style\train\sporty\jacket_sporty_jacket_018.png,jacket_sporty_jacket_018.png,sporty,2,,sporty,2,0.6425944566726685,gothic,0.24159272015094757,0.4010017365217209,0.44224146008491516,True,0.08552077,0.24159272,0.64259446,0.030292097,False,False,False,False,True,False
split_style_train,train,..\dataset\split_style\train\sporty\jacket_sporty_jacket_019.png,jacket_sporty_jacket_019.png,sporty,2,,sporty,2,0.6135125160217285,formal,0.2949361503124237,0.3185763657093048,0.4885546565055847,True,0.29493615,0.04250605,0.6135125,0.049045265,False,False,False,False,False,False
split_style_train,train,..\dataset\split_style\train\sporty\jacket_sporty_jacket_021.png,jacket_sporty_jacket_021.png,sporty,2,,sporty,2,0.9092792868614197,streetwear,0.04222462698817253,0.8670546598732471,0.09510297328233719,True,0.038277432,0.010218579,0.9092793,0.042224627,False,False,False,False,True,False
split_style_train,train,..\dataset\split_style\train\sporty\jacket_sporty_jacket_022.png,jacket_sporty_jacket_022.png,sporty,2,,sporty,2,0.6585400700569153,formal,0.23058882355690002,0.42795124650001526,0.4177298843860626,True,0.23058882,0.073038325,0.65854007,0.037832756,False,False,False,False,False,False
split_style_train,train,..\dataset\split_style\train\sporty\jacket_sporty_jacket_023.png,jacket_sporty_jacket_023.png,sporty,2,,sporty,2,0.8315838575363159,streetwear,0.06836609542369843,0.7632177621126175,0.18442313373088837,True,0.055752415,0.044297643,0.83158386,0.068366095,False,False,False,False,True,False
split_style_train,train,..\dataset\split_style\train\sporty\jacket_sporty_jacket_025.png,jacket_sporty_jacket_025.png,sporty,2,,sporty,2,0.8395140171051025,formal,0.07131130248308182,0.7682027146220207,0.1749320924282074,True,0.0713113,0.04320711,0.839514,0.045967583,False,False,False,False,False,False
split_style_train,train,..\dataset\split_style\train\sporty\jacket_sporty_jacket_026.png,jacket_sporty_jacket_026.png,sporty,2,,sporty,2,0.8190340399742126,streetwear,0.06997958570718765,0.749054454267025,0.19962964951992035,True,0.059455354,0.051531073,0.81903404,0.069979586,False,False,False,False,True,False
split_style_train,train,..\dataset\split_style\train\sporty\jacket_sporty_jacket_030.png,jacket_sporty_jacket_030.png,sporty,2,,sporty,2,0.6254549026489258,formal,0.32430949807167053,0.30114540457725525,0.4692760705947876,True,0.3243095,0.023854595,0.6254549,0.026381072,False,False,False,False,False,False
split_style_train,train,..\dataset\split_style\train\sporty\jacket_sporty_jacket_031.png,jacket_sporty_jacket_031.png,sporty,2,,sporty,2,0.6146194934844971,formal,0.2960793375968933,0.31854015588760376,0.4867519736289978,True,0.29607934,0.051606093,0.6146195,0.037695095,False,False,False,False,False,False
split_style_train,train,..\dataset\split_style\train\sporty\jacket_sporty_jacket_032.png,jacket_sporty_jacket_032.png,sporty,2,,sporty,2,0.5458559393882751,formal,0.25389859080314636,0.2919573485851288,0.6054002046585083,True,0.2538986,0.12400242,0.54585594,0.07624308,False,False,False,True,False,False
split_style_train,train,..\dataset\split_style\train\sporty\jacket_sporty_jacket_035.png,jacket_sporty_jacket_035.png,sporty,2,,sporty,2,0.764677882194519,formal,0.19370825588703156,0.5709696263074875,0.2683006227016449,True,0.19370826,0.016720777,0.7646779,0.024893105,False,False,False,False,False,False
split_style_train,train,..\dataset\split_style\train\sporty\jacket_sporty_jacket_036.png,jacket_sporty_jacket_036.png,sporty,2,,sporty,2,0.7568060755729675,formal,0.13748708367347717,0.6193189918994904,0.2786482274532318,True,0.13748708,0.076178275,0.7568061,0.029528573,False,False,False,False,False,False
split_style_train,train,..\dataset\split_style\train\sporty\jacket_sporty_jacket_037.png,jacket_sporty_jacket_037.png,sporty,2,,sporty,2,0.763287365436554,formal,0.12231377512216568,0.6409735903143883,0.2701207399368286,True,0.122313775,0.0010818616,0.76328737,0.11331706,False,False,False,False,False,False
split_style_train,train,..\dataset\split_style\train\sporty\jacket_sporty_jacket_043.png,jacket_sporty_jacket_043.png,sporty,2,,sporty,2,0.8666383028030396,formal,0.06766459345817566,0.7989737093448639,0.14313358068466187,True,0.06766459,0.021427227,0.8666383,0.044269845,False,False,False,False,False,False
split_style_train,train,..\dataset\split_style\train\sporty\jacket_sporty_jacket_044.png,jacket_sporty_jacket_044.png,sporty,2,,sporty,2,0.6690467000007629,formal,0.16479410231113434,0.5042525976896286,0.40190139412879944,True,0.1647941,0.026762327,0.6690467,0.13939688,False,False,False,False,False,False
split_style_train,train,..\dataset\split_style\train\sporty\jacket_sporty_jacket_045.png,jacket_sporty_jacket_045.png,sporty,2,,sporty,2,0.7084041237831116,formal,0.23516704142093658,0.473237082362175,0.34474053978919983,True,0.23516704,0.007321736,0.7084041,0.049107086,False,False,False,False,False,False
split_style_train,train,..\dataset\split_style\train\sporty\jacket_sporty_jacket_047.png,jacket_sporty_jacket_047.png,sporty,2,,sporty,2,0.7028273344039917,streetwear,0.2328624278306961,0.4699649065732956,0.35264405608177185,True,0.0497059,0.014604351,0.70282733,0.23286243,False,False,False,False,True,False
split_style_train,train,..\dataset\split_style\train\sporty\jacket_sporty_jacket_048.png,jacket_sporty_jacket_048.png,sporty,2,,sporty,2,0.8120814561843872,streetwear,0.06678926199674606,0.7452921941876411,0.20815464854240417,True,0.064003445,0.057125933,0.81208146,0.06678926,False,False,False,False,True,False
split_style_train,train,..\dataset\split_style\train\sporty\jacket_sporty_jacket_049.png,jacket_sporty_jacket_049.png,sporty,2,,sporty,2,0.7689602375030518,formal,0.125531867146492,0.6434283703565598,0.26271602511405945,True,0.12553187,0.0119181825,0.76896024,0.09358978,False,False,False,False,False,False
split_style_train,train,..\dataset\split_style\train\sporty\jacket_sporty_jacket_050.png,jacket_sporty_jacket_050.png,sporty,2,,sporty,2,0.9406223893165588,streetwear,0.04057955741882324,0.9000428318977356,0.06121348217129707,True,0.017423106,0.0013748838,0.9406224,0.040579557,False,False,False,False,True,False
split_style_train,train,..\dataset\split_style\train\sporty\pants_sporty_pants_001.png,pants_sporty_pants_001.png,sporty,2,,sporty,2,0.8275589942932129,formal,0.09712551534175873,0.7304334789514542,0.1892748922109604,True,0.097125515,0.017375411,0.827559,0.057940084,False,False,False,False,False,False
split_style_train,train,..\dataset\split_style\train\sporty\pants_sporty_pants_002.png,pants_sporty_pants_002.png,sporty,2,,sporty,2,0.7052153944969177,formal,0.19914062321186066,0.5060747712850571,0.34925204515457153,True,0.19914062,0.024076745,0.7052154,0.07156726,False,False,False,False,False,False
split_style_train,train,..\dataset\split_style\train\sporty\pants_sporty_pants_003.png,pants_sporty_pants_003.png,sporty,2,,streetwear,3,0.3785039782524109,sporty,0.32332631945610046,0.055177658796310425,1.1290931701660156,False,0.24627455,0.051895138,0.32332632,0.37850398,True,True,True,True,True,True
split_style_train,train,..\dataset\split_style\train\sporty\pants_sporty_pants_005.png,pants_sporty_pants_005.png,sporty,2,,formal,0,0.39084097743034363,sporty,0.3880596160888672,0.0027813613414764404,0.9465962648391724,False,0.39084098,0.018728761,0.38805962,0.20237066,True,False,True,True,False,False
split_style_train,train,..\dataset\split_style\train\sporty\pants_sporty_pants_006.png,pants_sporty_pants_006.png,sporty,2,,formal,0,0.5322773456573486,streetwear,0.23523268103599548,0.29704466462135315,1.64039945602417,False,0.53227735,0.03858733,0.1939026,0.23523268,True,True,False,True,True,True
split_style_train,train,..\dataset\split_style\train\sporty\pants_sporty_pants_007.png,pants_sporty_pants_007.png,sporty,2,,formal,0,0.5818039774894714,sporty,0.3126659691333771,0.26913800835609436,1.1626198291778564,False,0.581804,0.035370782,0.31266597,0.07015925,True,True,False,True,False,False
split_style_train,train,..\dataset\split_style\train\sporty\pants_sporty_pants_008.png,pants_sporty_pants_008.png,sporty,2,,sporty,2,0.6439690589904785,formal,0.2751957178115845,0.36877334117889404,0.4401046335697174,True,0.27519572,0.033852357,0.64396906,0.04698285,False,False,False,False,False,False
split_style_train,train,..\dataset\split_style\train\sporty\pants_sporty_pants_009.png,pants_sporty_pants_009.png,sporty,2,,sporty,2,0.6489439606666565,formal,0.2487379014492035,0.400206059217453,0.4324088990688324,True,0.2487379,0.015740559,0.64894396,0.086577505,False,False,False,False,False,False
split_style_train,train,..\dataset\split_style\train\sporty\pants_sporty_pants_010.png,pants_sporty_pants_010.png,sporty,2,,sporty,2,0.5939317941665649,formal,0.35297510027885437,0.24095669388771057,0.5209907293319702,True,0.3529751,0.036628913,0.5939318,0.016464153,False,False,False,True,False,False
split_style_train,train,..\dataset\split_style\train\sporty\pants_sporty_pants_012.png,pants_sporty_pants_012.png,sporty,2,,sporty,2,0.8109142780303955,formal,0.12325171381235123,0.6876625642180443,0.20959295332431793,True,0.123251714,0.010415385,0.8109143,0.05541865,False,False,False,False,False,False
split_style_train,train,..\dataset\split_style\train\sporty\pants_sporty_pants_013.png,pants_sporty_pants_013.png,sporty,2,,sporty,2,0.8862900733947754,streetwear,0.04490983486175537,0.84138023853302,0.12071097642183304,True,0.043009784,0.025790323,0.8862901,0.044909835,False,False,False,False,True,False
split_style_train,train,..\dataset\split_style\train\sporty\pants_sporty_pants_016.png,pants_sporty_pants_016.png,sporty,2,,sporty,2,0.8588159680366516,formal,0.11427828669548035,0.7445376813411713,0.1522005945444107,True,0.11427829,0.014748826,0.85881597,0.012156811,False,False,False,False,False,False
split_style_train,train,..\dataset\split_style\train\sporty\pants_sporty_pants_017.png,pants_sporty_pants_017.png,sporty,2,,sporty,2,0.9252461194992065,formal,0.05585955083370209,0.8693865686655045,0.07769549638032913,True,0.05585955,0.010354431,0.9252461,0.008539987,False,False,False,False,False,False
split_style_train,train,..\dataset\split_style\train\sporty\pants_sporty_pants_020.png,pants_sporty_pants_020.png,sporty,2,,sporty,2,0.8861851096153259,streetwear,0.07674842327833176,0.8094366863369942,0.12082940340042114,True,0.0262718,0.010794678,0.8861851,0.07674842,False,False,False,False,True,False
split_style_train,train,..\dataset\split_style\train\sporty\pants_sporty_pants_022.png,pants_sporty_pants_022.png,sporty,2,,sporty,2,0.8988374471664429,streetwear,0.0575164295732975,0.8413210175931454,0.10665308684110641,True,0.033528183,0.010117907,0.89883745,0.05751643,False,False,False,False,True,False
split_style_train,train,..\dataset\split_style\train\sporty\pants_sporty_pants_023.png,pants_sporty_pants_023.png,sporty,2,,sporty,2,0.711911678314209,formal,0.2196006178855896,0.4923110604286194,0.3398013710975647,True,0.21960062,0.021891156,0.7119117,0.046596568,False,False,False,False,False,False
split_style_train,train,..\dataset\split_style\train\sporty\pants_sporty_pants_024.png,pants_sporty_pants_024.png,sporty,2,,sporty,2,0.61521977186203,formal,0.2214222103357315,0.3937975615262985,0.48577576875686646,True,0.22142221,0.0077868877,0.6152198,0.15557116,False,False,False,False,False,False
split_style_train,train,..\dataset\split_style\train\sporty\pants_sporty_pants_025.png,pants_sporty_pants_025.png,sporty,2,,sporty,2,0.6101607084274292,formal,0.2522720992565155,0.3578886091709137,0.4940328598022461,True,0.2522721,0.017401088,0.6101607,0.12016609,False,False,False,False,False,False
split_style_train,train,..\dataset\split_style\train\sporty\pants_sporty_pants_026.png,pants_sporty_pants_026.png,sporty,2,,sporty,2,0.7924080491065979,formal,0.1547752022743225,0.6376328468322754,0.2326788455247879,True,0.1547752,0.003429015,0.79240805,0.049387746,False,False,False,False,False,False
split_style_train,train,..\dataset\split_style\train\sporty\pants_sporty_pants_027.png,pants_sporty_pants_027.png,sporty,2,,sporty,2,0.7371101379394531,formal,0.13700644671916962,0.6001036912202835,0.30501797795295715,True,0.13700645,0.034292065,0.73711014,0.09159138,False,False,False,False,False,False
split_style_train,train,..\dataset\split_style\train\sporty\pants_sporty_pants_028.png,pants_sporty_pants_028.png,sporty,2,,sporty,2,0.7248875498771667,formal,0.20128634572029114,0.5236012041568756,0.3217387795448303,True,0.20128635,0.002601514,0.72488755,0.07122456,False,False,False,False,False,False
split_style_train,train,..\dataset\split_style\train\sporty\pants_sporty_pants_030.png,pants_sporty_pants_030.png,sporty,2,,sporty,2,0.8617385625839233,formal,0.08693530410528183,0.7748032584786415,0.14880332350730896,True,0.086935304,0.015257217,0.86173856,0.036068898,False,False,False,False,False,False
split_style_train,train,..\dataset\split_style\train\sporty\pants_sporty_pants_031.png,pants_sporty_pants_031.png,sporty,2,,sporty,2,0.8165326118469238,formal,0.10882317274808884,0.707709439098835,0.20268839597702026,True,0.10882317,0.022929823,0.8165326,0.051714364,False,False,False,False,False,False
split_style_train,train,..\dataset\split_style\train\sporty\pants_sporty_pants_032.png,pants_sporty_pants_032.png,sporty,2,,sporty,2,0.8378720879554749,formal,0.12408839911222458,0.7137836888432503,0.1768898069858551,True,0.1240884,0.0033906307,0.8378721,0.034648906,False,False,False,False,False,False
split_style_train,train,..\dataset\split_style\train\sporty\pants_sporty_pants_033.png,pants_sporty_pants_033.png,sporty,2,,sporty,2,0.7307480573654175,formal,0.19079522788524628,0.5399528294801712,0.3136864900588989,True,0.19079523,0.022369474,0.73074806,0.05608726,False,False,False,False,False,False
split_style_train,train,..\dataset\split_style\train\sporty\pants_sporty_pants_034.png,pants_sporty_pants_034.png,sporty,2,,sporty,2,0.9030453562736511,formal,0.06493480503559113,0.83811055123806,0.1019824668765068,True,0.064934805,0.019458828,0.90304536,0.012560952,False,False,False,False,False,False
split_style_train,train,..\dataset\split_style\train\sporty\pants_sporty_pants_035.png,pants_sporty_pants_035.png,sporty,2,,sporty,2,0.9110347032546997,formal,0.06962695717811584,0.8414077460765839,0.0931742936372757,True,0.06962696,0.0012241844,0.9110347,0.018114168,False,False,False,False,False,False
split_style_train,train,..\dataset\split_style\train\sporty\pants_sporty_pants_037.png,pants_sporty_pants_037.png,sporty,2,,sporty,2,0.9244123101234436,streetwear,0.04484652727842331,0.8795657828450203,0.07859710603952408,True,0.029848974,0.00089227204,0.9244123,0.044846527,False,False,False,False,True,False
split_style_train,train,..\dataset\split_style\train\sporty\pants_sporty_pants_038.png,pants_sporty_pants_038.png,sporty,2,,sporty,2,0.8674688935279846,streetwear,0.07344184815883636,0.7940270453691483,0.14217564463615417,True,0.044573933,0.014515322,0.8674689,0.07344185,False,False,False,False,True,False
split_style_train,train,..\dataset\split_style\train\sporty\pants_sporty_pants_039.png,pants_sporty_pants_039.png,sporty,2,,sporty,2,0.8176012635231018,formal,0.15454411506652832,0.6630571484565735,0.20138049125671387,True,0.15454412,0.008459715,0.81760126,0.019394884,False,False,False,False,False,False
split_style_train,train,..\dataset\split_style\train\sporty\pants_sporty_pants_040.png,pants_sporty_pants_040.png,sporty,2,,sporty,2,0.7599808573722839,formal,0.17169491946697235,0.5882859379053116,0.2744620144367218,True,0.17169492,0.005443799,0.75998086,0.06288042,False,False,False,False,False,False
split_style_train,train,..\dataset\split_style\train\sporty\pants_sporty_pants_043.png,pants_sporty_pants_043.png,sporty,2,,formal,0,0.42746502161026,sporty,0.3789042532444,0.048560768365859985,0.9704717397689819,False,0.42746502,0.13066992,0.37890425,0.06296078,True,False,True,True,False,False
split_style_train,train,..\dataset\split_style\train\sporty\pants_sporty_pants_046.png,pants_sporty_pants_046.png,sporty,2,,streetwear,3,0.4734081029891968,sporty,0.3116745948791504,0.1617335081100464,1.1657955646514893,False,0.045615163,0.16930212,0.3116746,0.4734081,True,True,True,True,True,True
split_style_train,train,..\dataset\split_style\train\sporty\pants_sporty_pants_047.png,pants_sporty_pants_047.png,sporty,2,,sporty,2,0.5975797772407532,formal,0.3383285701274872,0.259251207113266,0.5148674845695496,True,0.33832857,0.009120854,0.5975798,0.054970782,False,False,False,True,False,False
split_style_train,train,..\dataset\split_style\train\sporty\pants_sporty_pants_049.png,pants_sporty_pants_049.png,sporty,2,,sporty,2,0.7022798657417297,streetwear,0.19159471988677979,0.51068514585495,0.3534232974052429,True,0.062680885,0.043444514,0.70227987,0.19159472,False,False,False,False,True,False
split_style_train,train,..\dataset\split_style\train\sporty\pants_sporty_pants_050.png,pants_sporty_pants_050.png,sporty,2,,sporty,2,0.5023602247238159,formal,0.32478636503219604,0.17757385969161987,0.688437819480896,True,0.32478637,0.048116516,0.5023602,0.1247369,False,False,True,True,False,False
split_style_train,train,..\dataset\split_style\train\sporty\shoes_sporty_shoes_001.png,shoes_sporty_shoes_001.png,sporty,2,,sporty,2,0.8379693627357483,gothic,0.05971572920680046,0.7782536335289478,0.17677374184131622,True,0.05136055,0.05971573,0.83796936,0.05095429,False,False,False,False,True,False
split_style_train,train,..\dataset\split_style\train\sporty\shoes_sporty_shoes_002.png,shoes_sporty_shoes_002.png,sporty,2,,sporty,2,0.7497215270996094,streetwear,0.2013009488582611,0.5484205782413483,0.288053423166275,True,0.024777476,0.024200102,0.7497215,0.20130095,False,False,False,False,True,False
split_style_train,train,..\dataset\split_style\train\sporty\shoes_sporty_shoes_003.png,shoes_sporty_shoes_003.png,sporty,2,,sporty,2,0.9139469265937805,streetwear,0.04170005023479462,0.8722468763589859,0.089982770383358,True,0.035199113,0.009153862,0.9139469,0.04170005,False,False,False,False,True,False
split_style_train,train,..\dataset\split_style\train\sporty\shoes_sporty_shoes_004.png,shoes_sporty_shoes_004.png,sporty,2,,sporty,2,0.6765000820159912,formal,0.15154965221881866,0.5249504297971725,0.3908226788043976,True,0.15154965,0.025284242,0.6765001,0.14666602,False,False,False,False,False,False
split_style_train,train,..\dataset\split_style\train\sporty\shoes_sporty_shoes_007.png,shoes_sporty_shoes_007.png,sporty,2,,sporty,2,0.8608182072639465,streetwear,0.10335616767406464,0.7574620395898819,0.14987194538116455,True,0.032289766,0.0035359254,0.8608182,0.10335617,False,False,False,False,True,False
split_style_train,train,..\dataset\split_style\train\sporty\shoes_sporty_shoes_008.png,shoes_sporty_shoes_008.png,sporty,2,,sporty,2,0.8239002823829651,streetwear,0.11644116044044495,0.7074591219425201,0.19370581209659576,True,0.053691275,0.00596728,0.8239003,0.11644116,False,False,False,False,True,False
split_style_train,train,..\dataset\split_style\train\sporty\shoes_sporty_shoes_012.png,shoes_sporty_shoes_012.png,sporty,2,,sporty,2,0.6899123191833496,formal,0.11546525359153748,0.5744470655918121,0.37119075655937195,True,0.11546525,0.10198896,0.6899123,0.092633426,False,False,False,False,False,False
split_style_train,train,..\dataset\split_style\train\sporty\shoes_sporty_shoes_013.png,shoes_sporty_shoes_013.png,sporty,2,,streetwear,3,0.62287837266922,sporty,0.30185404419898987,0.3210243284702301,1.1978117227554321,False,0.011450057,0.06381751,0.30185404,0.6228784,True,True,False,False,True,True
split_style_train,train,..\dataset\split_style\train\sporty\shoes_sporty_shoes_015.png,shoes_sporty_shoes_015.png,sporty,2,,sporty,2,0.5102156400680542,formal,0.337751179933548,0.17246446013450623,0.672921895980835,True,0.33775118,0.0057733017,0.51021564,0.1462599,False,False,True,True,False,False
split_style_train,train,..\dataset\split_style\train\sporty\shoes_sporty_shoes_016.png,shoes_sporty_shoes_016.png,sporty,2,,sporty,2,0.64543217420578,formal,0.21549302339553833,0.4299391508102417,0.43783512711524963,True,0.21549302,0.027768921,0.6454322,0.11130587,False,False,False,False,False,False
split_style_train,train,..\dataset\split_style\train\sporty\shoes_sporty_shoes_017.png,shoes_sporty_shoes_017.png,sporty,2,,sporty,2,0.8591763973236084,streetwear,0.0636257454752922,0.7955506518483162,0.15178105235099792,True,0.041813776,0.035384037,0.8591764,0.063625745,False,False,False,False,True,False
split_style_train,train,..\dataset\split_style\train\sporty\shoes_sporty_shoes_018.png,shoes_sporty_shoes_018.png,sporty,2,,sporty,2,0.5118193030357361,gothic,0.24429646134376526,0.2675228416919708,0.6697835922241211,True,0.14344719,0.24429646,0.5118193,0.100437075,False,False,False,True,True,True
split_style_train,train,..\dataset\split_style\train\sporty\shoes_sporty_shoes_019.png,shoes_sporty_shoes_019.png,sporty,2,,sporty,2,0.7784201502799988,streetwear,0.131006121635437,0.6474140286445618,0.25048887729644775,True,0.08179,0.008783778,0.77842015,0.13100612,False,False,False,False,True,False
split_style_train,train,..\dataset\split_style\train\sporty\shoes_sporty_shoes_020.png,shoes_sporty_shoes_020.png,sporty,2,,sporty,2,0.9665165543556213,formal,0.018342597410082817,0.9481739569455385,0.03405683860182762,True,0.018342597,0.0011680856,0.96651655,0.013972844,False,False,False,False,False,False
split_style_train,train,..\dataset\split_style\train\sporty\shoes_sporty_shoes_022.png,shoes_sporty_shoes_022.png,sporty,2,,sporty,2,0.7381521463394165,streetwear,0.2032320350408554,0.5349201112985611,0.3036053478717804,True,0.048635952,0.009979876,0.73815215,0.20323204,False,False,False,False,True,False
split_style_train,train,..\dataset\split_style\train\sporty\shoes_sporty_shoes_023.png,shoes_sporty_shoes_023.png,sporty,2,,sporty,2,0.6547209024429321,streetwear,0.2926643192768097,0.36205658316612244,0.4235461950302124,True,0.049394693,0.0032200424,0.6547209,0.29266432,False,False,False,False,True,False
split_style_train,train,..\dataset\split_style\train\sporty\shoes_sporty_shoes_024.png,shoes_sporty_shoes_024.png,sporty,2,,streetwear,3,0.5495381355285645,sporty,0.4296257793903351,0.11991235613822937,0.8448407649993896,False,0.014324385,0.0065117176,0.42962578,0.54953814,True,False,True,True,True,True
split_style_train,train,..\dataset\split_style\train\sporty\shoes_sporty_shoes_025.png,shoes_sporty_shoes_025.png,sporty,2,,sporty,2,0.4275202453136444,formal,0.3301592171192169,0.09736102819442749,0.8497536778450012,True,0.33015922,0.07370011,0.42752025,0.16862048,False,False,True,True,False,False
split_style_train,train,..\dataset\split_style\train\sporty\shoes_sporty_shoes_027.png,shoes_sporty_shoes_027.png,sporty,2,,sporty,2,0.4447108805179596,streetwear,0.32656317949295044,0.11814770102500916,0.8103309273719788,True,0.2229804,0.0057455567,0.44471088,0.32656318,False,False,True,True,True,True
split_style_train,train,..\dataset\split_style\train\sporty\shoes_sporty_shoes_028.png,shoes_sporty_shoes_028.png,sporty,2,,sporty,2,0.7854214906692505,streetwear,0.20109005272388458,0.5843314379453659,0.2415347546339035,True,0.011767286,0.0017211856,0.7854215,0.20109005,False,False,False,False,True,False
split_style_train,train,..\dataset\split_style\train\sporty\shoes_sporty_shoes_029.png,shoes_sporty_shoes_029.png,sporty,2,,sporty,2,0.7074267268180847,streetwear,0.25745201110839844,0.4499747157096863,0.346121221780777,True,0.023669941,0.01145131,0.7074267,0.257452,False,False,False,False,True,False
split_style_train,train,..\dataset\split_style\train\sporty\shoes_sporty_shoes_031.png,shoes_sporty_shoes_031.png,sporty,2,,sporty,2,0.6790387630462646,streetwear,0.24908705055713654,0.4299517124891281,0.38707706332206726,True,0.062748194,0.0091260215,0.67903876,0.24908705,False,False,False,False,True,False
split_style_train,train,..\dataset\split_style\train\sporty\shoes_sporty_shoes_032.png,shoes_sporty_shoes_032.png,sporty,2,,sporty,2,0.8589698076248169,streetwear,0.08117655664682388,0.777793250977993,0.15202151238918304,True,0.04771067,0.012142962,0.8589698,0.08117656,False,False,False,False,True,False
split_style_train,train,..\dataset\split_style\train\sporty\shoes_sporty_shoes_033.png,shoes_sporty_shoes_033.png,sporty,2,,sporty,2,0.6336707472801208,streetwear,0.24278129637241364,0.3908894509077072,0.45622581243515015,True,0.086443275,0.037104703,0.63367075,0.2427813,False,False,False,False,True,False
split_style_train,train,..\dataset\split_style\train\sporty\shoes_sporty_shoes_034.png,shoes_sporty_shoes_034.png,sporty,2,,sporty,2,0.6148762702941895,streetwear,0.34146633744239807,0.2734099328517914,0.4863342344760895,True,0.03355497,0.010102459,0.6148763,0.34146634,False,False,False,False,True,False
split_style_train,train,..\dataset\split_style\train\sporty\shoes_sporty_shoes_035.png,shoes_sporty_shoes_035.png,sporty,2,,sporty,2,0.7001312971115112,streetwear,0.21651741862297058,0.48361387848854065,0.35648736357688904,True,0.06788472,0.015466514,0.7001313,0.21651742,False,False,False,False,True,False
split_style_train,train,..\dataset\split_style\train\sporty\shoes_sporty_shoes_036.png,shoes_sporty_shoes_036.png,sporty,2,,streetwear,3,0.667722225189209,sporty,0.3198137879371643,0.3479084372520447,1.1400164365768433,False,0.004905444,0.0075585092,0.3198138,0.6677222,True,True,False,False,True,True
split_style_train,train,..\dataset\split_style\train\sporty\shoes_sporty_shoes_037.png,shoes_sporty_shoes_037.png,sporty,2,,sporty,2,0.6326526999473572,streetwear,0.29315516352653503,0.33949753642082214,0.4578336477279663,True,0.06167804,0.012514053,0.6326527,0.29315516,False,False,False,False,True,False
split_style_train,train,..\dataset\split_style\train\sporty\shoes_sporty_shoes_038.png,shoes_sporty_shoes_038.png,sporty,2,,sporty,2,0.821904718875885,streetwear,0.1369427740573883,0.6849619448184967,0.19613078236579895,True,0.024024436,0.017128054,0.8219047,0.13694277,False,False,False,False,True,False
split_style_train,train,..\dataset\split_style\train\sporty\shoes_sporty_shoes_039.png,shoes_sporty_shoes_039.png,sporty,2,,sporty,2,0.6525924205780029,streetwear,0.2617298364639282,0.3908625841140747,0.42680254578590393,True,0.048831042,0.03684676,0.6525924,0.26172984,False,False,False,False,True,False
split_style_train,train,..\dataset\split_style\train\sporty\shoes_sporty_shoes_041.png,shoes_sporty_shoes_041.png,sporty,2,,sporty,2,0.4806901216506958,streetwear,0.42270126938819885,0.05798885226249695,0.7325324416160583,True,0.030777533,0.065831065,0.48069012,0.42270127,False,False,True,True,True,True
split_style_train,train,..\dataset\split_style\train\sporty\shoes_sporty_shoes_043.png,shoes_sporty_shoes_043.png,sporty,2,,sporty,2,0.8045380711555481,streetwear,0.1659114956855774,0.6386265754699707,0.21748697757720947,True,0.026554378,0.0029960265,0.8045381,0.1659115,False,False,False,False,True,False
split_style_train,train,..\dataset\split_style\train\sporty\shoes_sporty_shoes_045.png,shoes_sporty_shoes_045.png,sporty,2,,sporty,2,0.5376176834106445,streetwear,0.38008391857147217,0.15753376483917236,0.6206076145172119,True,0.0775244,0.0047739516,0.5376177,0.38008392,False,False,True,True,True,True
split_style_train,train,..\dataset\split_style\train\sporty\shoes_sporty_shoes_046.png,shoes_sporty_shoes_046.png,sporty,2,,sporty,2,0.8943944573402405,streetwear,0.0617944598197937,0.8325999975204468,0.1116083636879921,True,0.043044418,0.0007666411,0.89439446,0.06179446,False,False,False,False,True,False
split_style_train,train,..\dataset\split_style\train\sporty\shoes_sporty_shoes_047.png,shoes_sporty_shoes_047.png,sporty,2,,sporty,2,0.6503161787986755,streetwear,0.27676013112068176,0.3735560476779938,0.4302965998649597,True,0.062471535,0.010452125,0.6503162,0.27676013,False,False,False,False,True,False
split_style_train,train,..\dataset\split_style\train\sporty\shoes_sporty_shoes_048.png,shoes_sporty_shoes_048.png,sporty,2,,sporty,2,0.8439478874206543,streetwear,0.1339048147201538,0.7100430727005005,0.16966456174850464,True,0.018528733,0.0036186313,0.8439479,0.13390481,False,False,False,False,True,False
split_style_train,train,..\dataset\split_style\train\sporty\shoes_sporty_shoes_049.png,shoes_sporty_shoes_049.png,sporty,2,,formal,0,0.35230427980422974,sporty,0.31766605377197266,0.03463822603225708,1.1467546224594116,False,0.35230428,0.097141474,0.31766605,0.23288816,True,True,True,True,False,False
split_style_train,train,..\dataset\split_style\train\sporty\tshirt_sporty_tshirt_001.png,tshirt_sporty_tshirt_001.png,sporty,2,,sporty,2,0.7090861797332764,formal,0.2144101858139038,0.49467599391937256,0.34377819299697876,True,0.21441019,0.051630553,0.7090862,0.02487311,False,False,False,False,False,False
split_style_train,train,..\dataset\split_style\train\sporty\tshirt_sporty_tshirt_004.png,tshirt_sporty_tshirt_004.png,sporty,2,,sporty,2,0.48507991433143616,formal,0.3694394826889038,0.11564043164253235,0.7234416604042053,True,0.36943948,0.033326495,0.4850799,0.112154044,False,False,True,True,False,False
split_style_train,train,..\dataset\split_style\train\sporty\tshirt_sporty_tshirt_005.png,tshirt_sporty_tshirt_005.png,sporty,2,,sporty,2,0.6418095231056213,formal,0.22770360112190247,0.41410592198371887,0.4434637427330017,True,0.2277036,0.025624389,0.6418095,0.10486252,False,False,False,False,False,False
split_style_train,train,..\dataset\split_style\train\sporty\tshirt_sporty_tshirt_006.png,tshirt_sporty_tshirt_006.png,sporty,2,,sporty,2,0.677453875541687,gothic,0.1493748426437378,0.5280790328979492,0.3894138038158417,True,0.12284334,0.14937484,0.6774539,0.050327923,False,False,False,False,True,False
split_style_train,train,..\dataset\split_style\train\sporty\tshirt_sporty_tshirt_007.png,tshirt_sporty_tshirt_007.png,sporty,2,,sporty,2,0.8722547888755798,formal,0.08063197880983353,0.7916228100657463,0.1366736739873886,True,0.08063198,0.020431953,0.8722548,0.026681243,False,False,False,False,False,False
split_style_train,train,..\dataset\split_style\train\sporty\tshirt_sporty_tshirt_008.png,tshirt_sporty_tshirt_008.png,sporty,2,,formal,0,0.47919031977653503,sporty,0.40626662969589233,0.0729236900806427,0.9007457494735718,False,0.47919032,0.009306473,0.40626663,0.10523665,True,False,True,True,False,False
split_style_train,train,..\dataset\split_style\train\sporty\tshirt_sporty_tshirt_009.png,tshirt_sporty_tshirt_009.png,sporty,2,,formal,0,0.5270808935165405,sporty,0.39003583788871765,0.13704505562782288,0.9415166974067688,False,0.5270809,0.01948634,0.39003584,0.063396946,True,False,True,True,False,False
split_style_train,train,..\dataset\split_style\train\sporty\tshirt_sporty_tshirt_010.png,tshirt_sporty_tshirt_010.png,sporty,2,,formal,0,0.4846193492412567,streetwear,0.4099116325378418,0.07470771670341492,2.440049409866333,False,0.48461935,0.018312512,0.087156534,0.40991163,True,True,True,True,True,True
split_style_train,train,..\dataset\split_style\train\sporty\tshirt_sporty_tshirt_012.png,tshirt_sporty_tshirt_012.png,sporty,2,,sporty,2,0.7606222629547119,gothic,0.17207592725753784,0.5885463356971741,0.2736184000968933,True,0.046696316,0.17207593,0.76062226,0.020605475,False,False,False,False,True,False
split_style_train,train,..\dataset\split_style\train\sporty\tshirt_sporty_tshirt_015.png,tshirt_sporty_tshirt_015.png,sporty,2,,sporty,2,0.7970134615898132,gothic,0.12322931736707687,0.6737841442227364,0.22688372433185577,True,0.06690421,0.12322932,0.79701346,0.012853082,False,False,False,False,True,False
split_style_train,train,..\dataset\split_style\train\sporty\tshirt_sporty_tshirt_016.png,tshirt_sporty_tshirt_016.png,sporty,2,,sporty,2,0.894914984703064,formal,0.04694822058081627,0.8479667641222477,0.1110265776515007,True,0.04694822,0.036330383,0.894915,0.02180641,False,False,False,False,False,False
split_style_train,train,..\dataset\split_style\train\sporty\tshirt_sporty_tshirt_018.png,tshirt_sporty_tshirt_018.png,sporty,2,,sporty,2,0.9567986726760864,formal,0.03504153713583946,0.921757135540247,0.04416228085756302,True,0.035041537,0.00404727,0.9567987,0.0041125813,False,False,False,False,False,False
split_style_train,train,..\dataset\split_style\train\sporty\tshirt_sporty_tshirt_019.png,tshirt_sporty_tshirt_019.png,sporty,2,,sporty,2,0.9404098391532898,gothic,0.027258964255452156,0.9131508748978376,0.06143951416015625,True,0.024648104,0.027258964,0.94040984,0.007683094,False,False,False,False,True,False
split_style_train,train,..\dataset\split_style\train\sporty\tshirt_sporty_tshirt_020.png,tshirt_sporty_tshirt_020.png,sporty,2,,sporty,2,0.8445684909820557,formal,0.10078542679548264,0.743783064186573,0.16892945766448975,True,0.10078543,0.0024906585,0.8445685,0.052155413,False,False,False,False,False,False
split_style_train,train,..\dataset\split_style\train\sporty\tshirt_sporty_tshirt_021.png,tshirt_sporty_tshirt_021.png,sporty,2,,sporty,2,0.9623008966445923,formal,0.0172512698918581,0.9450496267527342,0.03842807933688164,True,0.01725127,0.010193986,0.9623009,0.0102538625,False,False,False,False,False,False
split_style_train,train,..\dataset\split_style\train\sporty\tshirt_sporty_tshirt_022.png,tshirt_sporty_tshirt_022.png,sporty,2,,sporty,2,0.8961907625198364,formal,0.0495920404791832,0.8465987220406532,0.10960199683904648,True,0.04959204,0.021319278,0.89619076,0.032897893,False,False,False,False,False,False
split_style_train,train,..\dataset\split_style\train\sporty\tshirt_sporty_tshirt_023.png,tshirt_sporty_tshirt_023.png,sporty,2,,sporty,2,0.9092574119567871,gothic,0.03203211724758148,0.8772252947092056,0.09512703865766525,True,0.028345631,0.032032117,0.9092574,0.030364797,False,False,False,False,True,False
split_style_train,train,..\dataset\split_style\train\sporty\tshirt_sporty_tshirt_025.png,tshirt_sporty_tshirt_025.png,sporty,2,,sporty,2,0.8452030420303345,formal,0.0724484771490097,0.7727545648813248,0.16817840933799744,True,0.07244848,0.06279123,0.84520304,0.019557266,False,False,False,False,False,False
split_style_train,train,..\dataset\split_style\train\sporty\tshirt_sporty_tshirt_026.png,tshirt_sporty_tshirt_026.png,sporty,2,,sporty,2,0.8641213178634644,formal,0.07248867303133011,0.7916326448321342,0.1460421085357666,True,0.07248867,0.0045801206,0.8641213,0.058809943,False,False,False,False,False,False
split_style_train,train,..\dataset\split_style\train\sporty\tshirt_sporty_tshirt_028.png,tshirt_sporty_tshirt_028.png,sporty,2,,sporty,2,0.9419800043106079,gothic,0.0297589972615242,0.9122210070490837,0.05977122485637665,True,0.015692856,0.029758997,0.94198,0.012568221,False,False,False,False,True,False
split_style_train,train,..\dataset\split_style\train\sporty\tshirt_sporty_tshirt_029.png,tshirt_sporty_tshirt_029.png,sporty,2,,sporty,2,0.8287259936332703,streetwear,0.06269075721502304,0.7660352364182472,0.1878657191991806,True,0.054881655,0.05370163,0.828726,0.06269076,False,False,False,False,True,False
split_style_train,train,..\dataset\split_style\train\sporty\tshirt_sporty_tshirt_030.png,tshirt_sporty_tshirt_030.png,sporty,2,,sporty,2,0.9635376334190369,formal,0.01651131734251976,0.9470263160765171,0.037143707275390625,True,0.016511317,0.0145518575,0.96353763,0.005399204,False,False,False,False,False,False
split_style_train,train,..\dataset\split_style\train\sporty\tshirt_sporty_tshirt_032.png,tshirt_sporty_tshirt_032.png,sporty,2,,sporty,2,0.862175464630127,formal,0.10613410174846649,0.7560413628816605,0.14829644560813904,True,0.1061341,0.004032735,0.86217546,0.027657596,False,False,False,False,False,False
split_style_train,train,..\dataset\split_style\train\sporty\tshirt_sporty_tshirt_035.png,tshirt_sporty_tshirt_035.png,sporty,2,,sporty,2,0.5528346300125122,formal,0.3573119342327118,0.19552269577980042,0.5926963090896606,True,0.35731193,0.022765242,0.55283463,0.067088135,False,False,True,True,False,False
split_style_train,train,..\dataset\split_style\train\sporty\tshirt_sporty_tshirt_037.png,tshirt_sporty_tshirt_037.png,sporty,2,,sporty,2,0.7454046607017517,streetwear,0.1195056363940239,0.6258990243077278,0.2938280701637268,True,0.08994145,0.045148257,0.74540466,0.11950564,False,False,False,False,True,False
split_style_train,train,..\dataset\split_style\train\sporty\tshirt_sporty_tshirt_038.png,tshirt_sporty_tshirt_038.png,sporty,2,,sporty,2,0.5428536534309387,formal,0.2241312563419342,0.3187223970890045,0.6109155416488647,True,0.22413126,0.07162017,0.54285365,0.16139498,False,False,False,True,False,False
split_style_train,train,..\dataset\split_style\train\sporty\tshirt_sporty_tshirt_039.png,tshirt_sporty_tshirt_039.png,sporty,2,,sporty,2,0.5479801893234253,formal,0.21900509297847748,0.3289750963449478,0.6015161871910095,True,0.2190051,0.027114829,0.5479802,0.20589991,False,False,False,True,False,False
split_style_train,train,..\dataset\split_style\train\sporty\tshirt_sporty_tshirt_041.png,tshirt_sporty_tshirt_041.png,sporty,2,,sporty,2,0.4033435583114624,formal,0.3403717875480652,0.06297177076339722,0.9079665541648865,True,0.3403718,0.011973807,0.40334356,0.24431083,False,False,True,True,False,False
split_style_train,train,..\dataset\split_style\train\sporty\tshirt_sporty_tshirt_042.png,tshirt_sporty_tshirt_042.png,sporty,2,,sporty,2,0.3963567912578583,streetwear,0.3328613042831421,0.06349548697471619,0.9254404306411743,True,0.26135507,0.009426781,0.3963568,0.3328613,False,False,True,True,True,True
split_style_train,train,..\dataset\split_style\train\sporty\tshirt_sporty_tshirt_043.png,tshirt_sporty_tshirt_043.png,sporty,2,,sporty,2,0.4990231394767761,formal,0.4275960624217987,0.07142707705497742,0.6951028108596802,True,0.42759606,0.0013246866,0.49902314,0.07205615,False,False,True,True,False,False
split_style_train,train,..\dataset\split_style\train\sporty\tshirt_sporty_tshirt_044.png,tshirt_sporty_tshirt_044.png,sporty,2,,sporty,2,0.4906422197818756,formal,0.45976170897483826,0.030880510807037354,0.7120401263237,True,0.4597617,0.0023203432,0.49064222,0.04727572,False,False,True,True,False,False
split_style_train,train,..\dataset\split_style\train\sporty\tshirt_sporty_tshirt_045.png,tshirt_sporty_tshirt_045.png,sporty,2,,sporty,2,0.471775084733963,formal,0.3750142753124237,0.0967608094215393,0.7512529492378235,True,0.37501428,0.0047312267,0.47177508,0.14847936,False,False,True,True,False,False
split_style_train,train,..\dataset\split_style\train\sporty\tshirt_sporty_tshirt_046.png,tshirt_sporty_tshirt_046.png,sporty,2,,sporty,2,0.9521109461784363,streetwear,0.027177579700946808,0.9249333664774895,0.049073681235313416,True,0.014679064,0.0060324282,0.95211095,0.02717758,False,False,False,False,True,False
split_style_train,train,..\dataset\split_style\train\sporty\tshirt_sporty_tshirt_047.png,tshirt_sporty_tshirt_047.png,sporty,2,,sporty,2,0.9561464190483093,formal,0.038099564611911774,0.9180468544363976,0.044844236224889755,True,0.038099565,0.0024319494,0.9561464,0.0033220542,False,False,False,False,False,False
split_style_train,train,..\dataset\split_style\train\sporty\tshirt_sporty_tshirt_048.png,tshirt_sporty_tshirt_048.png,sporty,2,,sporty,2,0.8578413724899292,formal,0.11098033934831619,0.746861033141613,0.1533360481262207,True,0.11098034,0.0071289893,0.8578414,0.024049252,False,False,False,False,False,False
split_style_train,train,..\dataset\split_style\train\sporty\tshirt_sporty_tshirt_049.png,tshirt_sporty_tshirt_049.png,sporty,2,,sporty,2,0.9056187868118286,formal,0.07077967375516891,0.8348391130566597,0.09913685917854309,True,0.070779674,0.012183294,0.9056188,0.011418289,False,False,False,False,False,False
split_style_train,train,..\dataset\split_style\train\sporty\tshirt_sporty_tshirt_050.png,tshirt_sporty_tshirt_050.png,sporty,2,,sporty,2,0.8807193636894226,formal,0.06935402005910873,0.8113653436303139,0.12701624631881714,True,0.06935402,0.033704657,0.88071936,0.016221939,False,False,False,False,False,False
split_style_train,train,..\dataset\split_style\train\streetwear\jacket_streetwear_jacket_001.png,jacket_streetwear_jacket_001.png,streetwear,3,,streetwear,3,0.7912616729736328,sporty,0.15257620811462402,0.6386854648590088,0.23412656784057617,True,0.04863925,0.007522855,0.15257621,0.7912617,False,False,False,False,True,False
split_style_train,train,..\dataset\split_style\train\streetwear\jacket_streetwear_jacket_003.png,jacket_streetwear_jacket_003.png,streetwear,3,,formal,0,0.47030097246170044,streetwear,0.3383728861808777,0.13192808628082275,1.0836068391799927,False,0.47030097,0.04279591,0.14853029,0.3383729,True,True,True,True,True,True
split_style_train,train,..\dataset\split_style\train\streetwear\jacket_streetwear_jacket_004.png,jacket_streetwear_jacket_004.png,streetwear,3,,streetwear,3,0.8513486385345459,formal,0.08710400760173798,0.7642446309328079,0.16093355417251587,True,0.08710401,0.006619139,0.054928247,0.85134864,False,False,False,False,True,False
split_style_train,train,..\dataset\split_style\train\streetwear\jacket_streetwear_jacket_005.png,jacket_streetwear_jacket_005.png,streetwear,3,,streetwear,3,0.4973723292350769,formal,0.31728875637054443,0.18008357286453247,0.6984164118766785,True,0.31728876,0.102804355,0.082534574,0.49737233,False,False,True,True,True,True
split_style_train,train,..\dataset\split_style\train\streetwear\jacket_streetwear_jacket_007.png,jacket_streetwear_jacket_007.png,streetwear,3,,formal,0,0.5386390089988708,streetwear,0.29366356134414673,0.24497544765472412,1.22532057762146,False,0.538639,0.010045803,0.15765162,0.29366356,True,True,False,True,True,True
split_style_train,train,..\dataset\split_style\train\streetwear\jacket_streetwear_jacket_008.png,jacket_streetwear_jacket_008.png,streetwear,3,,streetwear,3,0.3936019241809845,formal,0.3283461034297943,0.06525582075119019,0.932415246963501,True,0.3283461,0.009586938,0.268465,0.39360192,False,False,True,True,True,True
split_style_train,train,..\dataset\split_style\train\streetwear\jacket_streetwear_jacket_009.png,jacket_streetwear_jacket_009.png,streetwear,3,,streetwear,3,0.8065210580825806,sporty,0.08308330178260803,0.7234377562999725,0.21502524614334106,True,0.07223474,0.038160935,0.0830833,0.80652106,False,False,False,False,True,False
split_style_train,train,..\dataset\split_style\train\streetwear\jacket_streetwear_jacket_010.png,jacket_streetwear_jacket_010.png,streetwear,3,,formal,0,0.5201151371002197,streetwear,0.3834688663482666,0.13664627075195312,0.9584968686103821,False,0.52011514,0.021977214,0.07443878,0.38346887,True,False,True,True,True,True
split_style_train,train,..\dataset\split_style\train\streetwear\jacket_streetwear_jacket_011.png,jacket_streetwear_jacket_011.png,streetwear,3,,streetwear,3,0.505836009979248,formal,0.24589794874191284,0.2599380612373352,0.6815428137779236,True,0.24589795,0.03670398,0.21156205,0.505836,False,False,False,True,True,True
split_style_train,train,..\dataset\split_style\train\streetwear\jacket_streetwear_jacket_012.png,jacket_streetwear_jacket_012.png,streetwear,3,,streetwear,3,0.5309925675392151,sporty,0.21435870230197906,0.316633865237236,0.6330072283744812,True,0.08351724,0.17113149,0.2143587,0.53099257,False,False,False,True,True,True
split_style_train,train,..\dataset\split_style\train\streetwear\jacket_streetwear_jacket_013.png,jacket_streetwear_jacket_013.png,streetwear,3,,streetwear,3,0.8597571849822998,sporty,0.0736919716000557,0.7860652133822441,0.15110525488853455,True,0.044819083,0.021731766,0.07369197,0.8597572,False,False,False,False,True,False
split_style_train,train,..\dataset\split_style\train\streetwear\jacket_streetwear_jacket_014.png,jacket_streetwear_jacket_014.png,streetwear,3,,streetwear,3,0.6665610671043396,formal,0.23087860643863678,0.4356824606657028,0.40562355518341064,True,0.2308786,0.036677018,0.06588337,0.66656107,False,False,False,False,True,False
split_style_train,train,..\dataset\split_style\train\streetwear\jacket_streetwear_jacket_015.png,jacket_streetwear_jacket_015.png,streetwear,3,,streetwear,3,0.8555809855461121,formal,0.08068950474262238,0.7748914808034897,0.15597452223300934,True,0.080689505,0.024521774,0.03920767,0.855581,False,False,False,False,True,False
split_style_train,train,..\dataset\split_style\train\streetwear\jacket_streetwear_jacket_018.png,jacket_streetwear_jacket_018.png,streetwear,3,,streetwear,3,0.6097504496574402,formal,0.23992149531841278,0.3698289543390274,0.49470555782318115,True,0.2399215,0.005282224,0.14504585,0.60975045,False,False,False,False,True,False
split_style_train,train,..\dataset\split_style\train\streetwear\jacket_streetwear_jacket_019.png,jacket_streetwear_jacket_019.png,streetwear,3,,streetwear,3,0.835904598236084,formal,0.08328748494386673,0.7526171132922173,0.17924076318740845,True,0.083287485,0.021959951,0.05884798,0.8359046,False,False,False,False,True,False
split_style_train,train,..\dataset\split_style\train\streetwear\jacket_streetwear_jacket_022.png,jacket_streetwear_jacket_022.png,streetwear,3,,streetwear,3,0.49979880452156067,formal,0.25229015946388245,0.24750864505767822,0.6935496926307678,True,0.25229016,0.00265904,0.24525203,0.4997988,False,False,False,True,True,True
split_style_train,train,..\dataset\split_style\train\streetwear\jacket_streetwear_jacket_023.png,jacket_streetwear_jacket_023.png,streetwear,3,,streetwear,3,0.6693041324615479,formal,0.1705237179994583,0.49878041446208954,0.40151673555374146,True,0.17052372,0.019471917,0.14070028,0.66930413,False,False,False,False,True,False
split_style_train,train,..\dataset\split_style\train\streetwear\jacket_streetwear_jacket_024.png,jacket_streetwear_jacket_024.png,streetwear,3,,streetwear,3,0.6351978182792664,formal,0.21374769508838654,0.4214501231908798,0.45381879806518555,True,0.2137477,0.013673386,0.13738108,0.6351978,False,False,False,False,True,False
split_style_train,train,..\dataset\split_style\train\streetwear\jacket_streetwear_jacket_025.png,jacket_streetwear_jacket_025.png,streetwear,3,,streetwear,3,0.5804185271263123,formal,0.26783788204193115,0.3125806450843811,0.544005811214447,True,0.26783788,0.044827297,0.10691628,0.5804185,False,False,False,True,True,True
split_style_train,train,..\dataset\split_style\train\streetwear\jacket_streetwear_jacket_026.png,jacket_streetwear_jacket_026.png,streetwear,3,,streetwear,3,0.9666653871536255,sporty,0.01944851316511631,0.9472168739885092,0.03390289470553398,True,0.010040835,0.003845272,0.019448513,0.9666654,False,False,False,False,True,False
split_style_train,train,..\dataset\split_style\train\streetwear\jacket_streetwear_jacket_027.png,jacket_streetwear_jacket_027.png,streetwear,3,,streetwear,3,0.6905081868171692,formal,0.21837161481380463,0.47213657200336456,0.37032750248908997,True,0.21837161,0.051419668,0.039700504,0.6905082,False,False,False,False,True,False
split_style_train,train,..\dataset\split_style\train\streetwear\jacket_streetwear_jacket_028.png,jacket_streetwear_jacket_028.png,streetwear,3,,streetwear,3,0.4683707356452942,gothic,0.26950597763061523,0.19886475801467896,0.7584950923919678,True,0.09002057,0.26950598,0.17210272,0.46837074,False,False,True,True,True,True
split_style_train,train,..\dataset\split_style\train\streetwear\jacket_streetwear_jacket_029.png,jacket_streetwear_jacket_029.png,streetwear,3,,streetwear,3,0.6725614070892334,formal,0.22210441529750824,0.45045699179172516,0.3966618776321411,True,0.22210442,0.041536164,0.063797995,0.6725614,False,False,False,False,True,False
split_style_train,train,..\dataset\split_style\train\streetwear\jacket_streetwear_jacket_030.png,jacket_streetwear_jacket_030.png,streetwear,3,,streetwear,3,0.9735938310623169,gothic,0.015728576108813286,0.9578652549535036,0.02676108479499817,True,0.005452626,0.015728576,0.0052250493,0.97359383,False,False,False,False,True,False
split_style_train,train,..\dataset\split_style\train\streetwear\jacket_streetwear_jacket_031.png,jacket_streetwear_jacket_031.png,streetwear,3,,streetwear,3,0.44146162271499634,formal,0.32525259256362915,0.11620903015136719,0.8176641464233398,True,0.3252526,0.045691058,0.18759465,0.44146162,False,False,True,True,True,True
split_style_train,train,..\dataset\split_style\train\streetwear\jacket_streetwear_jacket_032.png,jacket_streetwear_jacket_032.png,streetwear,3,,streetwear,3,0.6310444474220276,gothic,0.17662006616592407,0.4544243812561035,0.4603790044784546,True,0.073772654,0.17662007,0.11856286,0.63104445,False,False,False,False,True,False
split_style_train,train,..\dataset\split_style\train\streetwear\jacket_streetwear_jacket_033.png,jacket_streetwear_jacket_033.png,streetwear,3,,streetwear,3,0.4359779357910156,formal,0.2629382312297821,0.17303970456123352,0.8301635980606079,True,0.26293823,0.11596053,0.18512338,0.43597794,False,False,True,True,True,True
split_style_train,train,..\dataset\split_style\train\streetwear\jacket_streetwear_jacket_034.png,jacket_streetwear_jacket_034.png,streetwear,3,,streetwear,3,0.704771876335144,sporty,0.2023313045501709,0.5024405717849731,0.3498810827732086,True,0.04621273,0.046684053,0.2023313,0.7047719,False,False,False,False,True,False
split_style_train,train,..\dataset\split_style\train\streetwear\jacket_streetwear_jacket_035.png,jacket_streetwear_jacket_035.png,streetwear,3,,streetwear,3,0.7652870416641235,gothic,0.20391669869422913,0.5613703429698944,0.26750433444976807,True,0.025573933,0.2039167,0.005222371,0.76528704,False,False,False,False,True,False
split_style_train,train,..\dataset\split_style\train\streetwear\jacket_streetwear_jacket_037.png,jacket_streetwear_jacket_037.png,streetwear,3,,streetwear,3,0.869952917098999,sporty,0.07680001854896545,0.7931528985500336,0.13931618630886078,True,0.027688114,0.025558988,0.07680002,0.8699529,False,False,False,False,True,False
split_style_train,train,..\dataset\split_style\train\streetwear\jacket_streetwear_jacket_038.png,jacket_streetwear_jacket_038.png,streetwear,3,,formal,0,0.33341723680496216,streetwear,0.3084357976913452,0.024981439113616943,1.1762416362762451,False,0.33341724,0.053688228,0.30445874,0.3084358,True,True,True,True,True,True
split_style_train,train,..\dataset\split_style\train\streetwear\jacket_streetwear_jacket_042.png,jacket_streetwear_jacket_042.png,streetwear,3,,formal,0,0.3661535382270813,sporty,0.35809579491615295,0.008057743310928345,1.3733558654785156,False,0.36615354,0.022495102,0.3580958,0.25325564,True,True,True,True,False,False
split_style_train,train,..\dataset\split_style\train\streetwear\jacket_streetwear_jacket_043.png,jacket_streetwear_jacket_043.png,streetwear,3,,sporty,2,0.637924313545227,formal,0.26907292008399963,0.3688513934612274,2.850234270095825,False,0.26907292,0.035171952,0.6379243,0.057830773,True,True,False,False,False,False
split_style_train,train,..\dataset\split_style\train\streetwear\jacket_streetwear_jacket_044.png,jacket_streetwear_jacket_044.png,streetwear,3,,streetwear,3,0.7854752540588379,formal,0.13367842137813568,0.6517968326807022,0.24146631360054016,True,0.13367842,0.03261094,0.04823532,0.78547525,False,False,False,False,True,False
split_style_train,train,..\dataset\split_style\train\streetwear\jacket_streetwear_jacket_045.png,jacket_streetwear_jacket_045.png,streetwear,3,,streetwear,3,0.6867873072624207,formal,0.19803807139396667,0.488749235868454,0.3757306635379791,True,0.19803807,0.040765274,0.074409395,0.6867873,False,False,False,False,True,False
split_style_train,train,..\dataset\split_style\train\streetwear\jacket_streetwear_jacket_046.png,jacket_streetwear_jacket_046.png,streetwear,3,,streetwear,3,0.5332683324813843,formal,0.3166131377220154,0.2166551947593689,0.6287305951118469,True,0.31661314,0.018562928,0.13155565,0.53326833,False,False,False,True,True,True
split_style_train,train,..\dataset\split_style\train\streetwear\jacket_streetwear_jacket_047.png,jacket_streetwear_jacket_047.png,streetwear,3,,streetwear,3,0.7398958206176758,formal,0.16037245094776154,0.5795233696699142,0.30124589800834656,True,0.16037245,0.06132603,0.0384057,0.7398958,False,False,False,False,True,False
split_style_train,train,..\dataset\split_style\train\streetwear\jacket_streetwear_jacket_048.png,jacket_streetwear_jacket_048.png,streetwear,3,,streetwear,3,0.5370760560035706,formal,0.28949493169784546,0.2475811243057251,0.6216155886650085,True,0.28949493,0.148296,0.025133064,0.53707606,False,False,False,True,True,True
split_style_train,train,..\dataset\split_style\train\streetwear\jacket_streetwear_jacket_049.png,jacket_streetwear_jacket_049.png,streetwear,3,,streetwear,3,0.6021504402160645,sporty,0.2724944055080414,0.32965603470802307,0.5072479248046875,True,0.09316596,0.032189168,0.2724944,0.60215044,False,False,False,False,True,False
split_style_train,train,..\dataset\split_style\train\streetwear\jacket_streetwear_jacket_050.png,jacket_streetwear_jacket_050.png,streetwear,3,,streetwear,3,0.4790976047515869,sporty,0.3125917613506317,0.1665058434009552,0.7358509302139282,True,0.18020177,0.02810884,0.31259176,0.4790976,False,False,True,True,True,True
split_style_train,train,..\dataset\split_style\train\streetwear\pants_streetwear_pants_001.png,pants_streetwear_pants_001.png,streetwear,3,,streetwear,3,0.8789762854576111,sporty,0.10597743839025497,0.7729988470673561,0.1289973258972168,True,0.01047977,0.0045664683,0.10597744,0.8789763,False,False,False,False,True,False
split_style_train,train,..\dataset\split_style\train\streetwear\pants_streetwear_pants_002.png,pants_streetwear_pants_002.png,streetwear,3,,streetwear,3,0.9294508695602417,sporty,0.045609984546899796,0.8838408850133419,0.07316135615110397,True,0.023849439,0.0010896843,0.045609985,0.92945087,False,False,False,False,True,False
split_style_train,train,..\dataset\split_style\train\streetwear\pants_streetwear_pants_004.png,pants_streetwear_pants_004.png,streetwear,3,,streetwear,3,0.9913183450698853,gothic,0.004453037399798632,0.9868653076700866,0.008719583973288536,True,0.0022928172,0.0044530374,0.0019358076,0.99131835,False,False,False,False,True,False
split_style_train,train,..\dataset\split_style\train\streetwear\pants_streetwear_pants_006.png,pants_streetwear_pants_006.png,streetwear,3,,streetwear,3,0.8581924438476562,formal,0.08197543770074844,0.7762170061469078,0.15292690694332123,True,0.08197544,0.037796333,0.022035854,0.85819244,False,False,False,False,True,False
split_style_train,train,..\dataset\split_style\train\streetwear\pants_streetwear_pants_007.png,pants_streetwear_pants_007.png,streetwear,3,,streetwear,3,0.9657847285270691,sporty,0.025866450741887093,0.939918277785182,0.03481433913111687,True,0.0067601334,0.0015886595,0.02586645,0.9657847,False,False,False,False,True,False
split_style_train,train,..\dataset\split_style\train\streetwear\pants_streetwear_pants_008.png,pants_streetwear_pants_008.png,streetwear,3,,streetwear,3,0.9674926400184631,sporty,0.01829063706099987,0.9492020029574633,0.03304748237133026,True,0.011122129,0.003094652,0.018290637,0.96749264,False,False,False,False,True,False
split_style_train,train,..\dataset\split_style\train\streetwear\pants_streetwear_pants_009.png,pants_streetwear_pants_009.png,streetwear,3,,streetwear,3,0.8382573127746582,formal,0.08076363801956177,0.7574936747550964,0.1764301359653473,True,0.08076364,0.005384095,0.07559487,0.8382573,False,False,False,False,True,False
split_style_train,train,..\dataset\split_style\train\streetwear\pants_streetwear_pants_013.png,pants_streetwear_pants_013.png,streetwear,3,,streetwear,3,0.7975519299507141,formal,0.16571885347366333,0.6318330764770508,0.22620834410190582,True,0.16571885,0.0121427,0.024586583,0.79755193,False,False,False,False,True,False
split_style_train,train,..\dataset\split_style\train\streetwear\pants_streetwear_pants_015.png,pants_streetwear_pants_015.png,streetwear,3,,streetwear,3,0.7428088188171387,formal,0.18315090239048004,0.5596579164266586,0.29731661081314087,True,0.1831509,0.041716643,0.032323703,0.7428088,False,False,False,False,True,False
split_style_train,train,..\dataset\split_style\train\streetwear\pants_streetwear_pants_016.png,pants_streetwear_pants_016.png,streetwear,3,,streetwear,3,0.9804051518440247,formal,0.01063096709549427,0.9697741847485304,0.019789401441812515,True,0.010630967,0.004525783,0.0044380794,0.98040515,False,False,False,False,True,False
split_style_train,train,..\dataset\split_style\train\streetwear\pants_streetwear_pants_018.png,pants_streetwear_pants_018.png,streetwear,3,,streetwear,3,0.6622294187545776,formal,0.22651790082454681,0.4357115179300308,0.41214320063591003,True,0.2265179,0.051733967,0.059518687,0.6622294,False,False,False,False,True,False
split_style_train,train,..\dataset\split_style\train\streetwear\pants_streetwear_pants_019.png,pants_streetwear_pants_019.png,streetwear,3,,streetwear,3,0.940951943397522,formal,0.040828049182891846,0.9001238942146301,0.06086323782801628,True,0.04082805,0.005078604,0.013141377,0.94095194,False,False,False,False,True,False
split_style_train,train,..\dataset\split_style\train\streetwear\pants_streetwear_pants_022.png,pants_streetwear_pants_022.png,streetwear,3,,streetwear,3,0.9806913137435913,formal,0.009083596989512444,0.9716077167540789,0.019497526809573174,True,0.009083597,0.0087735895,0.0014514889,0.9806913,False,False,False,False,True,False
split_style_train,train,..\dataset\split_style\train\streetwear\pants_streetwear_pants_023.png,pants_streetwear_pants_023.png,streetwear,3,,streetwear,3,0.9016776084899902,formal,0.051351290196180344,0.8503263182938099,0.10349823534488678,True,0.05135129,0.01325657,0.033714596,0.9016776,False,False,False,False,True,False
split_style_train,train,..\dataset\split_style\train\streetwear\pants_streetwear_pants_025.png,pants_streetwear_pants_025.png,streetwear,3,,streetwear,3,0.8404794931411743,formal,0.06492491066455841,0.7755545824766159,0.17378273606300354,True,0.06492491,0.058967464,0.035628106,0.8404795,False,False,False,False,True,False
split_style_train,train,..\dataset\split_style\train\streetwear\pants_streetwear_pants_026.png,pants_streetwear_pants_026.png,streetwear,3,,streetwear,3,0.9231672883033752,formal,0.03918880596756935,0.8839784823358059,0.07994480431079865,True,0.039188806,0.02458328,0.013060591,0.9231673,False,False,False,False,True,False
split_style_train,train,..\dataset\split_style\train\streetwear\pants_streetwear_pants_028.png,pants_streetwear_pants_028.png,streetwear,3,,streetwear,3,0.9694949984550476,formal,0.018827160820364952,0.9506678376346827,0.0309799425303936,True,0.01882716,0.009068803,0.0026090492,0.969495,False,False,False,False,True,False
split_style_train,train,..\dataset\split_style\train\streetwear\pants_streetwear_pants_029.png,pants_streetwear_pants_029.png,streetwear,3,,streetwear,3,0.9660887122154236,sporty,0.019842209294438362,0.9462465029209852,0.0344996377825737,True,0.011716612,0.0023525227,0.01984221,0.9660887,False,False,False,False,True,False
split_style_train,train,..\dataset\split_style\train\streetwear\pants_streetwear_pants_030.png,pants_streetwear_pants_030.png,streetwear,3,,streetwear,3,0.7971258163452148,formal,0.13227340579032898,0.6648524105548859,0.2267427146434784,True,0.1322734,0.035630096,0.03497064,0.7971258,False,False,False,False,True,False
split_style_train,train,..\dataset\split_style\train\streetwear\pants_streetwear_pants_031.png,pants_streetwear_pants_031.png,streetwear,3,,streetwear,3,0.9669163823127747,formal,0.020539795979857445,0.9463765863329172,0.03364323452115059,True,0.020539796,0.005300832,0.0072429874,0.9669164,False,False,False,False,True,False
split_style_train,train,..\dataset\split_style\train\streetwear\pants_streetwear_pants_033.png,pants_streetwear_pants_033.png,streetwear,3,,streetwear,3,0.6863640546798706,formal,0.21210446953773499,0.4742595851421356,0.3763471245765686,True,0.21210447,0.07257422,0.028957322,0.68636405,False,False,False,False,True,False
split_style_train,train,..\dataset\split_style\train\streetwear\pants_streetwear_pants_034.png,pants_streetwear_pants_034.png,streetwear,3,,streetwear,3,0.9024645090103149,formal,0.06613295525312424,0.8363315537571907,0.10262590646743774,True,0.066132955,0.026245324,0.005157238,0.9024645,False,False,False,False,True,False
split_style_train,train,..\dataset\split_style\train\streetwear\pants_streetwear_pants_037.png,pants_streetwear_pants_037.png,streetwear,3,,streetwear,3,0.8979194760322571,sporty,0.06895057111978531,0.8289689049124718,0.10767488181591034,True,0.010478787,0.022651132,0.06895057,0.8979195,False,False,False,False,True,False
split_style_train,train,..\dataset\split_style\train\streetwear\pants_streetwear_pants_038.png,pants_streetwear_pants_038.png,streetwear,3,,streetwear,3,0.7913787961006165,formal,0.14695781469345093,0.6444209814071655,0.23397855460643768,True,0.14695781,0.038111854,0.023551608,0.7913788,False,False,False,False,True,False
split_style_train,train,..\dataset\split_style\train\streetwear\pants_streetwear_pants_039.png,pants_streetwear_pants_039.png,streetwear,3,,streetwear,3,0.920825719833374,formal,0.030228039249777794,0.8905976805835962,0.08248450607061386,True,0.03022804,0.028053697,0.02089251,0.9208257,False,False,False,False,True,False
split_style_train,train,..\dataset\split_style\train\streetwear\pants_streetwear_pants_040.png,pants_streetwear_pants_040.png,streetwear,3,,streetwear,3,0.965438723564148,formal,0.026025883853435516,0.9394128397107124,0.03517267480492592,True,0.026025884,0.005303526,0.003231838,0.9654387,False,False,False,False,True,False
split_style_train,train,..\dataset\split_style\train\streetwear\pants_streetwear_pants_042.png,pants_streetwear_pants_042.png,streetwear,3,,streetwear,3,0.871884286403656,formal,0.06407234072685242,0.8078119456768036,0.13709856569766998,True,0.06407234,0.012192806,0.05185059,0.8718843,False,False,False,False,True,False
split_style_train,train,..\dataset\split_style\train\streetwear\pants_streetwear_pants_043.png,pants_streetwear_pants_043.png,streetwear,3,,streetwear,3,0.9207298159599304,formal,0.05862361565232277,0.8621062003076077,0.08258867263793945,True,0.058623616,0.009192291,0.011454351,0.9207298,False,False,False,False,True,False
split_style_train,train,..\dataset\split_style\train\streetwear\pants_streetwear_pants_044.png,pants_streetwear_pants_044.png,streetwear,3,,streetwear,3,0.7323731780052185,gothic,0.17902465164661407,0.5533485263586044,0.3114651143550873,True,0.060785413,0.17902465,0.027816737,0.7323732,False,False,False,False,True,False
split_style_train,train,..\dataset\split_style\train\streetwear\pants_streetwear_pants_045.png,pants_streetwear_pants_045.png,streetwear,3,,streetwear,3,0.7466689944267273,formal,0.1192997545003891,0.6273692399263382,0.2921333312988281,True,0.119299755,0.016186055,0.11784522,0.746669,False,False,False,False,True,False
split_style_train,train,..\dataset\split_style\train\streetwear\pants_streetwear_pants_046.png,pants_streetwear_pants_046.png,streetwear,3,,streetwear,3,0.9578731656074524,formal,0.02114827372133732,0.9367248918861151,0.04303987696766853,True,0.021148274,0.013011753,0.007966755,0.95787317,False,False,False,False,True,False
split_style_train,train,..\dataset\split_style\train\streetwear\pants_streetwear_pants_047.png,pants_streetwear_pants_047.png,streetwear,3,,streetwear,3,0.9385164976119995,formal,0.03578311949968338,0.9027333781123161,0.06345482170581818,True,0.03578312,0.004262797,0.021437535,0.9385165,False,False,False,False,True,False
split_style_train,train,..\dataset\split_style\train\streetwear\shoes_streetwear_shoes_001.png,shoes_streetwear_shoes_001.png,streetwear,3,,streetwear,3,0.8845158815383911,sporty,0.06375853717327118,0.8207573443651199,0.1227148100733757,True,0.043940883,0.0077847266,0.06375854,0.8845159,False,False,False,False,True,False
split_style_train,train,..\dataset\split_style\train\streetwear\shoes_streetwear_shoes_002.png,shoes_streetwear_shoes_002.png,streetwear,3,,streetwear,3,0.5583791732788086,formal,0.2707655429840088,0.2876136302947998,0.5827170014381409,True,0.27076554,0.058146708,0.11270857,0.5583792,False,False,False,True,True,True
split_style_train,train,..\dataset\split_style\train\streetwear\shoes_streetwear_shoes_003.png,shoes_streetwear_shoes_003.png,streetwear,3,,streetwear,3,0.7959515452384949,sporty,0.1376703679561615,0.6582811772823334,0.2282169908285141,True,0.040239938,0.02613816,0.13767037,0.79595155,False,False,False,False,True,False
split_style_train,train,..\dataset\split_style\train\streetwear\shoes_streetwear_shoes_004.png,shoes_streetwear_shoes_004.png,streetwear,3,,sporty,2,0.527405321598053,streetwear,0.3500339686870575,0.17737135291099548,1.04972505569458,False,0.06115105,0.06140962,0.5274053,0.35003397,True,True,True,True,True,True
split_style_train,train,..\dataset\split_style\train\streetwear\shoes_streetwear_shoes_006.png,shoes_streetwear_shoes_006.png,streetwear,3,,streetwear,3,0.5908039808273315,formal,0.29229825735092163,0.2985057234764099,0.5262709856033325,True,0.29229826,0.022632144,0.09426562,0.590804,False,False,False,True,True,True
split_style_train,train,..\dataset\split_style\train\streetwear\shoes_streetwear_shoes_009.png,shoes_streetwear_shoes_009.png,streetwear,3,,streetwear,3,0.4836103320121765,formal,0.2985489070415497,0.18506142497062683,0.7264758348464966,True,0.2985489,0.045039378,0.17280138,0.48361033,False,False,True,True,True,True
split_style_train,train,..\dataset\split_style\train\streetwear\shoes_streetwear_shoes_011.png,shoes_streetwear_shoes_011.png,streetwear,3,,streetwear,3,0.5348191857337952,formal,0.327559232711792,0.20725995302200317,0.6258265376091003,True,0.32755923,0.0070770117,0.13054454,0.5348192,False,False,False,True,True,True
split_style_train,train,..\dataset\split_style\train\streetwear\shoes_streetwear_shoes_012.png,shoes_streetwear_shoes_012.png,streetwear,3,,streetwear,3,0.7565925717353821,sporty,0.13070300221443176,0.6258895695209503,0.2789303958415985,True,0.091714896,0.02098954,0.130703,0.7565926,False,False,False,False,True,False
split_style_train,train,..\dataset\split_style\train\streetwear\shoes_streetwear_shoes_017.png,shoes_streetwear_shoes_017.png,streetwear,3,,streetwear,3,0.5256617069244385,sporty,0.3710204064846039,0.1546413004398346,0.643097460269928,True,0.09466024,0.008657662,0.3710204,0.5256617,False,False,True,True,True,True
split_style_train,train,..\dataset\split_style\train\streetwear\shoes_streetwear_shoes_018.png,shoes_streetwear_shoes_018.png,streetwear,3,,gothic,1,0.41953805088996887,streetwear,0.3706358075141907,0.0489022433757782,0.9925353527069092,False,0.14821476,0.41953805,0.061611354,0.3706358,True,False,True,True,True,True
split_style_train,train,..\dataset\split_style\train\streetwear\shoes_streetwear_shoes_021.png,shoes_streetwear_shoes_021.png,streetwear,3,,streetwear,3,0.8246734738349915,sporty,0.0837194100022316,0.7409540638327599,0.19276779890060425,True,0.08217492,0.009432187,0.08371941,0.8246735,False,False,False,False,True,False
split_style_train,train,..\dataset\split_style\train\streetwear\shoes_streetwear_shoes_024.png,shoes_streetwear_shoes_024.png,streetwear,3,,sporty,2,0.4906090497970581,streetwear,0.37550559639930725,0.11510345339775085,0.9794818758964539,False,0.111986026,0.021899337,0.49060905,0.3755056,True,False,True,True,True,True
split_style_train,train,..\dataset\split_style\train\streetwear\shoes_streetwear_shoes_026.png,shoes_streetwear_shoes_026.png,streetwear,3,,sporty,2,0.5574861168861389,streetwear,0.2709782123565674,0.28650790452957153,1.305716872215271,False,0.14828199,0.023253666,0.5574861,0.2709782,True,True,False,True,True,True
split_style_train,train,..\dataset\split_style\train\streetwear\shoes_streetwear_shoes_027.png,shoes_streetwear_shoes_027.png,streetwear,3,,sporty,2,0.7480613589286804,streetwear,0.18273954093456268,0.5653218179941177,1.6996934413909912,False,0.053227894,0.01597124,0.74806136,0.18273954,True,True,False,False,True,True
split_style_train,train,..\dataset\split_style\train\streetwear\shoes_streetwear_shoes_028.png,shoes_streetwear_shoes_028.png,streetwear,3,,streetwear,3,0.514277994632721,sporty,0.2868044078350067,0.22747358679771423,0.6649913787841797,True,0.11252448,0.08639316,0.2868044,0.514278,False,False,False,True,True,True
split_style_train,train,..\dataset\split_style\train\streetwear\shoes_streetwear_shoes_029.png,shoes_streetwear_shoes_029.png,streetwear,3,,sporty,2,0.5443917512893677,streetwear,0.41675320267677307,0.1276385486125946,0.8752610683441162,False,0.024216715,0.014638314,0.54439175,0.4167532,True,False,True,True,True,True
split_style_train,train,..\dataset\split_style\train\streetwear\shoes_streetwear_shoes_031.png,shoes_streetwear_shoes_031.png,streetwear,3,,streetwear,3,0.48248329758644104,formal,0.2677793502807617,0.21470394730567932,0.7288089990615845,True,0.26777935,0.045262456,0.2044749,0.4824833,False,False,False,True,True,True
split_style_train,train,..\dataset\split_style\train\streetwear\shoes_streetwear_shoes_032.png,shoes_streetwear_shoes_032.png,streetwear,3,,sporty,2,0.6086851358413696,streetwear,0.3491351306438446,0.259550005197525,1.0522962808609009,False,0.028297447,0.013882209,0.60868514,0.34913513,True,True,False,False,True,True
split_style_train,train,..\dataset\split_style\train\streetwear\shoes_streetwear_shoes_033.png,shoes_streetwear_shoes_033.png,streetwear,3,,streetwear,3,0.5288417339324951,sporty,0.3054834008216858,0.22335833311080933,0.6370660066604614,True,0.130512,0.035162866,0.3054834,0.52884173,False,False,False,True,True,True
split_style_train,train,..\dataset\split_style\train\streetwear\shoes_streetwear_shoes_035.png,shoes_streetwear_shoes_035.png,streetwear,3,,streetwear,3,0.6479533910751343,sporty,0.21928264200687408,0.4286707490682602,0.4339365065097809,True,0.12838201,0.0043819165,0.21928264,0.6479534,False,False,False,False,True,False
split_style_train,train,..\dataset\split_style\train\streetwear\shoes_streetwear_shoes_037.png,shoes_streetwear_shoes_037.png,streetwear,3,,streetwear,3,0.6165394186973572,sporty,0.28384536504745483,0.33269405364990234,0.48363304138183594,True,0.07737552,0.022239743,0.28384537,0.6165394,False,False,False,False,True,False
split_style_train,train,..\dataset\split_style\train\streetwear\shoes_streetwear_shoes_038.png,shoes_streetwear_shoes_038.png,streetwear,3,,sporty,2,0.4167827367782593,streetwear,0.343036413192749,0.07374632358551025,1.0699186325073242,False,0.20260249,0.03757837,0.41678274,0.3430364,True,True,True,True,True,True
split_style_train,train,..\dataset\split_style\train\streetwear\shoes_streetwear_shoes_040.png,shoes_streetwear_shoes_040.png,streetwear,3,,streetwear,3,0.4906310737133026,sporty,0.3182232081890106,0.172407865524292,0.7120628356933594,True,0.15238626,0.03875946,0.3182232,0.49063107,False,False,True,True,True,True
split_style_train,train,..\dataset\split_style\train\streetwear\shoes_streetwear_shoes_042.png,shoes_streetwear_shoes_042.png,streetwear,3,,streetwear,3,0.5754058957099915,sporty,0.243813619017601,0.33159227669239044,0.5526796579360962,True,0.060869884,0.119910635,0.24381362,0.5754059,False,False,False,True,True,True
split_style_train,train,..\dataset\split_style\train\streetwear\shoes_streetwear_shoes_043.png,shoes_streetwear_shoes_043.png,streetwear,3,,streetwear,3,0.3896477520465851,sporty,0.36766287684440613,0.021984875202178955,0.9425121545791626,True,0.12741098,0.115278415,0.36766288,0.38964775,False,False,True,True,True,True
split_style_train,train,..\dataset\split_style\train\streetwear\shoes_streetwear_shoes_045.png,shoes_streetwear_shoes_045.png,streetwear,3,,streetwear,3,0.6100167632102966,sporty,0.28128325939178467,0.32873350381851196,0.49426889419555664,True,0.08144331,0.027256716,0.28128326,0.61001676,False,False,False,False,True,False
split_style_train,train,..\dataset\split_style\train\streetwear\shoes_streetwear_shoes_046.png,shoes_streetwear_shoes_046.png,streetwear,3,,streetwear,3,0.39486178755760193,sporty,0.3441765308380127,0.05068525671958923,0.9292194843292236,True,0.23700035,0.023961252,0.34417653,0.3948618,False,False,True,True,True,True
split_style_train,train,..\dataset\split_style\train\streetwear\shoes_streetwear_shoes_047.png,shoes_streetwear_shoes_047.png,streetwear,3,,streetwear,3,0.5838415622711182,formal,0.15483364462852478,0.4290079176425934,0.5381256341934204,True,0.15483364,0.12656865,0.13475621,0.58384156,False,False,False,True,True,True
split_style_train,train,..\dataset\split_style\train\streetwear\shoes_streetwear_shoes_048.png,shoes_streetwear_shoes_048.png,streetwear,3,,streetwear,3,0.5103809833526611,sporty,0.3760707378387451,0.13431024551391602,0.6725978255271912,True,0.06301414,0.050534166,0.37607074,0.510381,False,False,True,True,True,True
split_style_train,train,..\dataset\split_style\train\streetwear\tshirt_streetwear_tshirt_001.png,tshirt_streetwear_tshirt_001.png,streetwear,3,,streetwear,3,0.7077988386154175,sporty,0.22059135138988495,0.48720748722553253,0.3455953598022461,True,0.06352166,0.008088225,0.22059135,0.70779884,False,False,False,False,True,False
split_style_train,train,..\dataset\split_style\train\streetwear\tshirt_streetwear_tshirt_002.png,tshirt_streetwear_tshirt_002.png,streetwear,3,,streetwear,3,0.8999322056770325,gothic,0.053706225007772446,0.84622598066926,0.10543587803840637,True,0.008980931,0.053706225,0.037380707,0.8999322,False,False,False,False,True,False
split_style_train,train,..\dataset\split_style\train\streetwear\tshirt_streetwear_tshirt_004.png,tshirt_streetwear_tshirt_004.png,streetwear,3,,streetwear,3,0.6803216338157654,gothic,0.2751326858997345,0.4051889479160309,0.38518959283828735,True,0.014983435,0.2751327,0.029562196,0.68032163,False,False,False,False,True,False
split_style_train,train,..\dataset\split_style\train\streetwear\tshirt_streetwear_tshirt_005.png,tshirt_streetwear_tshirt_005.png,streetwear,3,,streetwear,3,0.5410991311073303,gothic,0.1720326989889145,0.36906643211841583,0.6141527891159058,True,0.11526452,0.1720327,0.1716037,0.54109913,False,False,False,True,True,True
split_style_train,train,..\dataset\split_style\train\streetwear\tshirt_streetwear_tshirt_006.png,tshirt_streetwear_tshirt_006.png,streetwear,3,,gothic,1,0.7812087535858154,streetwear,0.19009293615818024,0.5911158174276352,1.6602421998977661,False,0.019234128,0.78120875,0.009464154,0.19009294,True,True,False,False,True,True
split_style_train,train,..\dataset\split_style\train\streetwear\tshirt_streetwear_tshirt_009.png,tshirt_streetwear_tshirt_009.png,streetwear,3,,streetwear,3,0.6695050001144409,gothic,0.14957089722156525,0.5199341028928757,0.40121662616729736,True,0.099589765,0.1495709,0.08133427,0.669505,False,False,False,False,True,False
split_style_train,train,..\dataset\split_style\train\streetwear\tshirt_streetwear_tshirt_010.png,tshirt_streetwear_tshirt_010.png,streetwear,3,,formal,0,0.4079016447067261,streetwear,0.3803064823150635,0.027595162391662598,0.9667778611183167,False,0.40790164,0.07310565,0.13868617,0.38030648,True,False,True,True,True,True
split_style_train,train,..\dataset\split_style\train\streetwear\tshirt_streetwear_tshirt_012.png,tshirt_streetwear_tshirt_012.png,streetwear,3,,streetwear,3,0.7784681916236877,formal,0.1202864721417427,0.658181719481945,0.25042715668678284,True,0.12028647,0.078266114,0.022979215,0.7784682,False,False,False,False,True,False
split_style_train,train,..\dataset\split_style\train\streetwear\tshirt_streetwear_tshirt_013.png,tshirt_streetwear_tshirt_013.png,streetwear,3,,streetwear,3,0.9387835264205933,formal,0.055154599249362946,0.8836289271712303,0.06317038089036942,True,0.0551546,0.0010119468,0.0050499463,0.9387835,False,False,False,False,True,False
split_style_train,train,..\dataset\split_style\train\streetwear\tshirt_streetwear_tshirt_015.png,tshirt_streetwear_tshirt_015.png,streetwear,3,,streetwear,3,0.5627692937850952,formal,0.2729477882385254,0.2898215055465698,0.5748854875564575,True,0.2729478,0.10869754,0.05558532,0.5627693,False,False,False,True,True,True
split_style_train,train,..\dataset\split_style\train\streetwear\tshirt_streetwear_tshirt_016.png,tshirt_streetwear_tshirt_016.png,streetwear,3,,streetwear,3,0.8325716257095337,formal,0.1204025074839592,0.7121691182255745,0.1832360178232193,True,0.12040251,0.009812131,0.037213642,0.8325716,False,False,False,False,True,False
split_style_train,train,..\dataset\split_style\train\streetwear\tshirt_streetwear_tshirt_018.png,tshirt_streetwear_tshirt_018.png,streetwear,3,,streetwear,3,0.9556822776794434,formal,0.03581603616476059,0.9198662415146828,0.04532979428768158,True,0.035816036,0.0021457628,0.0063559026,0.9556823,False,False,False,False,True,False
split_style_train,train,..\dataset\split_style\train\streetwear\tshirt_streetwear_tshirt_019.png,tshirt_streetwear_tshirt_019.png,streetwear,3,,formal,0,0.47412213683128357,streetwear,0.41040515899658203,0.06371697783470154,0.8906104564666748,False,0.47412214,0.0058292137,0.10964348,0.41040516,True,False,True,True,True,True
split_style_train,train,..\dataset\split_style\train\streetwear\tshirt_streetwear_tshirt_020.png,tshirt_streetwear_tshirt_020.png,streetwear,3,,streetwear,3,0.8131289482116699,formal,0.1367250233888626,0.6764039248228073,0.206865593791008,True,0.13672502,0.0062014814,0.043944594,0.81312895,False,False,False,False,True,False
split_style_train,train,..\dataset\split_style\train\streetwear\tshirt_streetwear_tshirt_022.png,tshirt_streetwear_tshirt_022.png,streetwear,3,,streetwear,3,0.8388010859489441,formal,0.08058576285839081,0.7582153230905533,0.17578169703483582,True,0.08058576,0.01521102,0.065402195,0.8388011,False,False,False,False,True,False
split_style_train,train,..\dataset\split_style\train\streetwear\tshirt_streetwear_tshirt_023.png,tshirt_streetwear_tshirt_023.png,streetwear,3,,streetwear,3,0.42701852321624756,formal,0.36248716711997986,0.0645313560962677,0.8509278893470764,True,0.36248717,0.17049274,0.040001586,0.42701852,False,False,True,True,True,True
split_style_train,train,..\dataset\split_style\train\streetwear\tshirt_streetwear_tshirt_024.png,tshirt_streetwear_tshirt_024.png,streetwear,3,,streetwear,3,0.7440235614776611,formal,0.13320088386535645,0.6108226776123047,0.2956826090812683,True,0.13320088,0.053552464,0.06922312,0.74402356,False,False,False,False,True,False
split_style_train,train,..\dataset\split_style\train\streetwear\tshirt_streetwear_tshirt_025.png,tshirt_streetwear_tshirt_025.png,streetwear,3,,streetwear,3,0.5697876811027527,formal,0.29264330863952637,0.2771443724632263,0.5624914765357971,True,0.2926433,0.024282448,0.1132866,0.5697877,False,False,False,True,True,True
split_style_train,train,..\dataset\split_style\train\streetwear\tshirt_streetwear_tshirt_026.png,tshirt_streetwear_tshirt_026.png,streetwear,3,,streetwear,3,0.4921974539756775,formal,0.3897843658924103,0.10241308808326721,0.708875298500061,True,0.38978437,0.006554029,0.11146415,0.49219745,False,False,True,True,True,True
split_style_train,train,..\dataset\split_style\train\streetwear\tshirt_streetwear_tshirt_027.png,tshirt_streetwear_tshirt_027.png,streetwear,3,,streetwear,3,0.8083701133728027,formal,0.11520984768867493,0.6931602656841278,0.21273525059223175,True,0.11520985,0.011372676,0.065047346,0.8083701,False,False,False,False,True,False
split_style_train,train,..\dataset\split_style\train\streetwear\tshirt_streetwear_tshirt_028.png,tshirt_streetwear_tshirt_028.png,streetwear,3,,streetwear,3,0.533293604850769,formal,0.31054213643074036,0.2227514684200287,0.6286831498146057,True,0.31054214,0.067949355,0.08821485,0.5332936,False,False,False,True,True,True
split_style_train,train,..\dataset\split_style\train\streetwear\tshirt_streetwear_tshirt_029.png,tshirt_streetwear_tshirt_029.png,streetwear,3,,streetwear,3,0.8503594398498535,formal,0.12128181010484695,0.7290776297450066,0.16209614276885986,True,0.12128181,0.006657256,0.021701561,0.85035944,False,False,False,False,True,False
split_style_train,train,..\dataset\split_style\train\streetwear\tshirt_streetwear_tshirt_031.png,tshirt_streetwear_tshirt_031.png,streetwear,3,,streetwear,3,0.8261555433273315,formal,0.13682472705841064,0.6893308162689209,0.190972238779068,True,0.13682473,0.0038891628,0.033130616,0.82615554,False,False,False,False,True,False
split_style_train,train,..\dataset\split_style\train\streetwear\tshirt_streetwear_tshirt_032.png,tshirt_streetwear_tshirt_032.png,streetwear,3,,streetwear,3,0.6903255581855774,formal,0.21195253729820251,0.4783730208873749,0.370591938495636,True,0.21195254,0.0071975607,0.09052434,0.69032556,False,False,False,False,True,False
split_style_train,train,..\dataset\split_style\train\streetwear\tshirt_streetwear_tshirt_033.png,tshirt_streetwear_tshirt_033.png,streetwear,3,,streetwear,3,0.8319154977798462,formal,0.08281291276216507,0.7491025850176811,0.18402443826198578,True,0.08281291,0.04449749,0.040774122,0.8319155,False,False,False,False,True,False
split_style_train,train,..\dataset\split_style\train\streetwear\tshirt_streetwear_tshirt_034.png,tshirt_streetwear_tshirt_034.png,streetwear,3,,streetwear,3,0.8560991883277893,formal,0.07859297096729279,0.7775062173604965,0.15536901354789734,True,0.07859297,0.012157821,0.053150058,0.8560992,False,False,False,False,True,False
split_style_train,train,..\dataset\split_style\train\streetwear\tshirt_streetwear_tshirt_036.png,tshirt_streetwear_tshirt_036.png,streetwear,3,,streetwear,3,0.7802470922470093,formal,0.12033666670322418,0.6599104255437851,0.24814464151859283,True,0.12033667,0.0032135781,0.09620267,0.7802471,False,False,False,False,True,False
split_style_train,train,..\dataset\split_style\train\streetwear\tshirt_streetwear_tshirt_037.png,tshirt_streetwear_tshirt_037.png,streetwear,3,,streetwear,3,0.8027633428573608,formal,0.14953364431858063,0.6532296985387802,0.2196953296661377,True,0.14953364,0.006769941,0.04093302,0.80276334,False,False,False,False,True,False
split_style_train,train,..\dataset\split_style\train\streetwear\tshirt_streetwear_tshirt_038.png,tshirt_streetwear_tshirt_038.png,streetwear,3,,streetwear,3,0.835570752620697,formal,0.09612644463777542,0.7394443079829216,0.1796402633190155,True,0.096126445,0.0065137423,0.061789054,0.83557075,False,False,False,False,True,False
split_style_train,train,..\dataset\split_style\train\streetwear\tshirt_streetwear_tshirt_039.png,tshirt_streetwear_tshirt_039.png,streetwear,3,,streetwear,3,0.9345963597297668,formal,0.05409551039338112,0.8805008493363857,0.06764053553342819,True,0.05409551,0.0017791042,0.009528987,0.93459636,False,False,False,False,True,False
split_style_train,train,..\dataset\split_style\train\streetwear\tshirt_streetwear_tshirt_040.png,tshirt_streetwear_tshirt_040.png,streetwear,3,,streetwear,3,0.9187973737716675,formal,0.05340977758169174,0.8653875961899757,0.0846896767616272,True,0.053409778,0.008033826,0.01975897,0.9187974,False,False,False,False,True,False
split_style_train,train,..\dataset\split_style\train\streetwear\tshirt_streetwear_tshirt_041.png,tshirt_streetwear_tshirt_041.png,streetwear,3,,streetwear,3,0.4979485273361206,formal,0.3624815046787262,0.1354670226573944,0.6972585916519165,True,0.3624815,0.016145483,0.12342448,0.49794853,False,False,True,True,True,True
split_style_train,train,..\dataset\split_style\train\streetwear\tshirt_streetwear_tshirt_042.png,tshirt_streetwear_tshirt_042.png,streetwear,3,,streetwear,3,0.8163398504257202,formal,0.12834729254245758,0.6879925578832626,0.20292451977729797,True,0.12834729,0.04194284,0.013370089,0.81633985,False,False,False,False,True,False
split_style_train,train,..\dataset\split_style\train\streetwear\tshirt_streetwear_tshirt_043.png,tshirt_streetwear_tshirt_043.png,streetwear,3,,streetwear,3,0.948083758354187,formal,0.034303318709135056,0.913780439645052,0.05331244319677353,True,0.03430332,0.0014393661,0.016173663,0.94808376,False,False,False,False,True,False
split_style_train,train,..\dataset\split_style\train\streetwear\tshirt_streetwear_tshirt_046.png,tshirt_streetwear_tshirt_046.png,streetwear,3,,streetwear,3,0.9525396227836609,formal,0.034859299659729004,0.9176803231239319,0.048623550683259964,True,0.0348593,0.0008613725,0.011739612,0.9525396,False,False,False,False,True,False
split_style_train,train,..\dataset\split_style\train\streetwear\tshirt_streetwear_tshirt_047.png,tshirt_streetwear_tshirt_047.png,streetwear,3,,streetwear,3,0.8308610916137695,formal,0.08123881369829178,0.7496222779154778,0.18529264628887177,True,0.08123881,0.011468999,0.07643109,0.8308611,False,False,False,False,True,False
split_style_train,train,..\dataset\split_style\train\streetwear\tshirt_streetwear_tshirt_048.png,tshirt_streetwear_tshirt_048.png,streetwear,3,,streetwear,3,0.806358814239502,sporty,0.12088874727487564,0.6854700669646263,0.2152264565229416,True,0.0680993,0.0046531893,0.12088875,0.8063588,False,False,False,False,True,False
split_style_train,train,..\dataset\split_style\train\streetwear\tshirt_streetwear_tshirt_049.png,tshirt_streetwear_tshirt_049.png,streetwear,3,,streetwear,3,0.8686218857765198,formal,0.10727439820766449,0.7613474875688553,0.14084738492965698,True,0.1072744,0.0032819356,0.02082179,0.8686219,False,False,False,False,True,False
split_style_train,train,..\dataset\split_style\train\streetwear\tshirt_streetwear_tshirt_050.png,tshirt_streetwear_tshirt_050.png,streetwear,3,,streetwear,3,0.8416302800178528,formal,0.12261500209569931,0.7190152779221535,0.17241446673870087,True,0.122615,0.0074427044,0.028311992,0.8416303,False,False,False,False,True,False
split_style_val,val,..\dataset\split_style\val\formal\jacket_formal_jacket_002.png,jacket_formal_jacket_002.png,formal,0,,formal,0,0.8677257895469666,sporty,0.06978289783000946,0.7979428917169571,0.14187952876091003,True,0.8677258,0.022760544,0.0697829,0.039730743,False,False,False,False,False,False
split_style_val,val,..\dataset\split_style\val\formal\jacket_formal_jacket_012.png,jacket_formal_jacket_012.png,formal,0,,formal,0,0.4045223891735077,gothic,0.25332608819007874,0.15119630098342896,0.9050482511520386,True,0.4045224,0.2533261,0.23958674,0.102564774,False,False,True,True,False,False
split_style_val,val,..\dataset\split_style\val\formal\jacket_formal_jacket_018.png,jacket_formal_jacket_018.png,formal,0,,formal,0,0.388473778963089,sporty,0.24458162486553192,0.14389215409755707,0.945529580116272,True,0.38847378,0.12236977,0.24458162,0.2445748,False,False,True,True,False,False
split_style_val,val,..\dataset\split_style\val\formal\jacket_formal_jacket_021.png,jacket_formal_jacket_021.png,formal,0,,formal,0,0.9111125469207764,streetwear,0.048080675303936005,0.8630318716168404,0.09308882057666779,True,0.91111255,0.0058299797,0.034976788,0.048080675,False,False,False,False,True,False
split_style_val,val,..\dataset\split_style\val\formal\jacket_formal_jacket_025.png,jacket_formal_jacket_025.png,formal,0,,formal,0,0.8856289982795715,sporty,0.06331316381692886,0.8223158344626427,0.12145714461803436,True,0.885629,0.013083119,0.063313164,0.03797476,False,False,False,False,False,False
split_style_val,val,..\dataset\split_style\val\formal\jacket_formal_jacket_032.png,jacket_formal_jacket_032.png,formal,0,,formal,0,0.9558049440383911,streetwear,0.018240341916680336,0.9375646021217108,0.045201390981674194,True,0.95580494,0.0140191885,0.011935548,0.018240342,False,False,False,False,True,False
split_style_val,val,..\dataset\split_style\val\formal\jacket_formal_jacket_040.png,jacket_formal_jacket_040.png,formal,0,,formal,0,0.8654880523681641,sporty,0.08186375349760056,0.7836242988705635,0.1444617062807083,True,0.86548805,0.012514444,0.08186375,0.040133733,False,False,False,False,False,False
split_style_val,val,..\dataset\split_style\val\formal\jacket_formal_jacket_041.png,jacket_formal_jacket_041.png,formal,0,,formal,0,0.9518771767616272,sporty,0.03331061080098152,0.9185665659606457,0.04931926727294922,True,0.9518772,0.006713823,0.03331061,0.008098463,False,False,False,False,False,False
split_style_val,val,..\dataset\split_style\val\formal\jacket_formal_jacket_050.png,jacket_formal_jacket_050.png,formal,0,,formal,0,0.9534323811531067,sporty,0.028957214206457138,0.9244751669466496,0.04768676683306694,True,0.9534324,0.009843469,0.028957214,0.0077668894,False,False,False,False,False,False
split_style_val,val,..\dataset\split_style\val\formal\pants_formal_pants_009.png,pants_formal_pants_009.png,formal,0,,sporty,2,0.48330456018447876,streetwear,0.38723886013031006,0.0960657000541687,2.186572790145874,False,0.11230096,0.017155668,0.48330456,0.38723886,True,True,True,True,True,True
split_style_val,val,..\dataset\split_style\val\formal\pants_formal_pants_018.png,pants_formal_pants_018.png,formal,0,,formal,0,0.8954564929008484,sporty,0.08115212619304657,0.8143043667078018,0.11042161285877228,True,0.8954565,0.006621631,0.081152126,0.01676976,False,False,False,False,False,False
split_style_val,val,..\dataset\split_style\val\formal\pants_formal_pants_022.png,pants_formal_pants_022.png,formal,0,,formal,0,0.920045018196106,sporty,0.04789826646447182,0.8721467517316341,0.08333267271518707,True,0.920045,0.01399635,0.047898266,0.018060368,False,False,False,False,False,False
split_style_val,val,..\dataset\split_style\val\formal\pants_formal_pants_026.png,pants_formal_pants_026.png,formal,0,,formal,0,0.8431555032730103,sporty,0.08407817035913467,0.7590773329138756,0.1706038862466812,True,0.8431555,0.006344691,0.08407817,0.06642166,False,False,False,False,False,False
split_style_val,val,..\dataset\split_style\val\formal\pants_formal_pants_037.png,pants_formal_pants_037.png,formal,0,,formal,0,0.9783767461776733,sporty,0.01236257515847683,0.9660141710191965,0.021860472857952118,True,0.97837675,0.0038815707,0.012362575,0.0053791376,False,False,False,False,False,False
split_style_val,val,..\dataset\split_style\val\formal\pants_formal_pants_038.png,pants_formal_pants_038.png,formal,0,,formal,0,0.963409423828125,streetwear,0.018175633624196053,0.945233790203929,0.037276823073625565,True,0.9634094,0.0048665944,0.013548345,0.018175634,False,False,False,False,True,False
split_style_val,val,..\dataset\split_style\val\formal\pants_formal_pants_039.png,pants_formal_pants_039.png,formal,0,,formal,0,0.8883378505706787,sporty,0.08476734161376953,0.8035705089569092,0.11840315163135529,True,0.88833785,0.01206399,0.08476734,0.014830861,False,False,False,False,False,False
split_style_val,val,..\dataset\split_style\val\formal\pants_formal_pants_042.png,pants_formal_pants_042.png,formal,0,,formal,0,0.9738515019416809,sporty,0.012498182244598866,0.961353319697082,0.02649642899632454,True,0.9738515,0.006214558,0.012498182,0.0074357954,False,False,False,False,False,False
split_style_val,val,..\dataset\split_style\val\formal\pants_formal_pants_043.png,pants_formal_pants_043.png,formal,0,,formal,0,0.9754379987716675,sporty,0.012554039247334003,0.9628839595243335,0.02486865408718586,True,0.975438,0.002524557,0.012554039,0.009483309,False,False,False,False,False,False
split_style_val,val,..\dataset\split_style\val\formal\pants_formal_pants_047.png,pants_formal_pants_047.png,formal,0,,formal,0,0.8707955479621887,sporty,0.09728467464447021,0.7735108733177185,0.1383480280637741,True,0.87079555,0.0054339767,0.097284675,0.026485842,False,False,False,False,False,False
split_style_val,val,..\dataset\split_style\val\formal\pants_formal_pants_048.png,pants_formal_pants_048.png,formal,0,,formal,0,0.9558620452880859,sporty,0.02101166360080242,0.9348503816872835,0.045141685754060745,True,0.95586205,0.0051982226,0.021011664,0.017927986,False,False,False,False,False,False
split_style_val,val,..\dataset\split_style\val\formal\shoes_formal_shoes_018.png,shoes_formal_shoes_018.png,formal,0,,formal,0,0.8564738631248474,streetwear,0.07479019463062286,0.7816836684942245,0.15493150055408478,True,0.85647386,0.03896757,0.029768327,0.074790195,False,False,False,False,True,False
split_style_val,val,..\dataset\split_style\val\formal\shoes_formal_shoes_038.png,shoes_formal_shoes_038.png,formal,0,,formal,0,0.8917020559310913,streetwear,0.06335831433534622,0.8283437415957451,0.11462318897247314,True,0.89170206,0.0065697148,0.038369864,0.063358314,False,False,False,False,True,False
split_style_val,val,..\dataset\split_style\val\formal\shoes_formal_shoes_042.png,shoes_formal_shoes_042.png,formal,0,,formal,0,0.8893091678619385,streetwear,0.04882849007844925,0.8404806777834892,0.11731032282114029,True,0.88930917,0.013155752,0.048706565,0.04882849,False,False,False,False,True,False
split_style_val,val,..\dataset\split_style\val\formal\tshirt_formal_tshirt_001.png,tshirt_formal_tshirt_001.png,formal,0,,formal,0,0.8326560258865356,sporty,0.11620805412530899,0.7164479717612267,0.18313467502593994,True,0.832656,0.01067395,0.116208054,0.04046202,False,False,False,False,False,False
split_style_val,val,..\dataset\split_style\val\formal\tshirt_formal_tshirt_003.png,tshirt_formal_tshirt_003.png,formal,0,,formal,0,0.7164513468742371,sporty,0.16302551329135895,0.5534258335828781,0.3334449231624603,True,0.71645135,0.023107292,0.16302551,0.09741586,False,False,False,False,False,False
split_style_val,val,..\dataset\split_style\val\formal\tshirt_formal_tshirt_019.png,tshirt_formal_tshirt_019.png,formal,0,,streetwear,3,0.5215739607810974,formal,0.4315871298313141,0.08998683094978333,0.8402858376502991,False,0.43158713,0.009645241,0.037193608,0.52157396,True,False,True,True,True,True
split_style_val,val,..\dataset\split_style\val\formal\tshirt_formal_tshirt_032.png,tshirt_formal_tshirt_032.png,formal,0,,formal,0,0.7739487290382385,streetwear,0.18539616465568542,0.5885525643825531,0.25624966621398926,True,0.7739487,0.003956294,0.03669884,0.18539616,False,False,False,False,True,False
split_style_val,val,..\dataset\split_style\val\formal\tshirt_formal_tshirt_033.png,tshirt_formal_tshirt_033.png,formal,0,,streetwear,3,0.5707526803016663,formal,0.350023090839386,0.22072958946228027,1.0497561693191528,False,0.3500231,0.02434821,0.05487603,0.5707527,True,True,False,True,True,True
split_style_val,val,..\dataset\split_style\val\formal\tshirt_formal_tshirt_036.png,tshirt_formal_tshirt_036.png,formal,0,,formal,0,0.5326427221298218,sporty,0.24207401275634766,0.2905687093734741,0.6299044489860535,True,0.5326427,0.014524402,0.24207401,0.21075891,False,False,False,True,False,False
split_style_val,val,..\dataset\split_style\val\formal\tshirt_formal_tshirt_041.png,tshirt_formal_tshirt_041.png,formal,0,,formal,0,0.7792492508888245,sporty,0.14006279408931732,0.6391864567995071,0.24942432343959808,True,0.77924925,0.0028770035,0.1400628,0.07781095,False,False,False,False,False,False
split_style_val,val,..\dataset\split_style\val\gothic\jacket_gothic_jacket_009.png,jacket_gothic_jacket_009.png,gothic,1,,gothic,1,0.651209831237793,streetwear,0.19637486338615417,0.4548349678516388,0.4289233386516571,True,0.04130262,0.65120983,0.111112684,0.19637486,False,False,False,False,True,False
split_style_val,val,..\dataset\split_style\val\gothic\jacket_gothic_jacket_014.png,jacket_gothic_jacket_014.png,gothic,1,,gothic,1,0.7560568451881409,sporty,0.17290981113910675,0.5831470340490341,0.27963870763778687,True,0.026297515,0.75605685,0.17290981,0.044735797,False,False,False,False,True,False
split_style_val,val,..\dataset\split_style\val\gothic\jacket_gothic_jacket_018.png,jacket_gothic_jacket_018.png,gothic,1,,sporty,2,0.3475742042064667,formal,0.2767450213432312,0.07082918286323547,1.5425467491149902,False,0.27674502,0.21383582,0.3475742,0.16184495,True,True,True,True,False,False
split_style_val,val,..\dataset\split_style\val\gothic\jacket_gothic_jacket_025.png,jacket_gothic_jacket_025.png,gothic,1,,gothic,1,0.7881177663803101,sporty,0.13394495844841003,0.6541728079319,0.23810775578022003,True,0.026502358,0.78811777,0.13394496,0.051434916,False,False,False,False,True,False
split_style_val,val,..\dataset\split_style\val\gothic\jacket_gothic_jacket_026.png,jacket_gothic_jacket_026.png,gothic,1,,gothic,1,0.5953874588012695,formal,0.20692889392375946,0.38845856487751007,0.5185428857803345,True,0.2069289,0.59538746,0.09618357,0.10150007,False,False,False,True,False,False
split_style_val,val,..\dataset\split_style\val\gothic\jacket_gothic_jacket_034.png,jacket_gothic_jacket_034.png,gothic,1,,gothic,1,0.9409311413764954,formal,0.02832941524684429,0.9126017261296511,0.06088533252477646,True,0.028329415,0.94093114,0.016325597,0.014413918,False,False,False,False,False,False
split_style_val,val,..\dataset\split_style\val\gothic\jacket_gothic_jacket_049.png,jacket_gothic_jacket_049.png,gothic,1,,gothic,1,0.9131630659103394,formal,0.06174565851688385,0.8514174073934555,0.09084082394838333,True,0.06174566,0.91316307,0.016403409,0.008687943,False,False,False,False,False,False
split_style_val,val,..\dataset\split_style\val\gothic\pants_gothic_pants_011.png,pants_gothic_pants_011.png,gothic,1,,gothic,1,0.8827269673347473,sporty,0.098509281873703,0.7842176854610443,0.12473936378955841,True,0.009652932,0.88272697,0.09850928,0.009110856,False,False,False,False,True,False
split_style_val,val,..\dataset\split_style\val\gothic\pants_gothic_pants_013.png,pants_gothic_pants_013.png,gothic,1,,gothic,1,0.38844606280326843,streetwear,0.298674613237381,0.08977144956588745,0.9456009268760681,True,0.13376707,0.38844606,0.1791122,0.2986746,False,False,True,True,True,True
split_style_val,val,..\dataset\split_style\val\gothic\pants_gothic_pants_022.png,pants_gothic_pants_022.png,gothic,1,,gothic,1,0.8718183040618896,sporty,0.06463557481765747,0.8071827292442322,0.13717421889305115,True,0.037747286,0.8718183,0.064635575,0.025798809,False,False,False,False,True,False
split_style_val,val,..\dataset\split_style\val\gothic\pants_gothic_pants_035.png,pants_gothic_pants_035.png,gothic,1,,gothic,1,0.9525476694107056,streetwear,0.03130175918340683,0.9212459102272987,0.04861515015363693,True,0.0071317786,0.95254767,0.009018827,0.03130176,False,False,False,False,True,False
split_style_val,val,..\dataset\split_style\val\gothic\pants_gothic_pants_041.png,pants_gothic_pants_041.png,gothic,1,,gothic,1,0.9736595749855042,sporty,0.01386689580976963,0.9597926791757345,0.02669353410601616,True,0.001146928,0.9736596,0.013866896,0.011326608,False,False,False,False,True,False
split_style_val,val,..\dataset\split_style\val\gothic\shoes_gothic_shoes_004.png,shoes_gothic_shoes_004.png,gothic,1,,gothic,1,0.55791175365448,streetwear,0.3920347988605499,0.16587695479393005,0.5835544466972351,True,0.028719228,0.55791175,0.021334173,0.3920348,False,False,True,True,True,True
split_style_val,val,..\dataset\split_style\val\gothic\shoes_gothic_shoes_005.png,shoes_gothic_shoes_005.png,gothic,1,,streetwear,3,0.7574016451835632,gothic,0.17934659123420715,0.5780550539493561,1.7184350490570068,False,0.014726308,0.17934659,0.04852538,0.75740165,True,True,False,False,True,True
split_style_val,val,..\dataset\split_style\val\gothic\shoes_gothic_shoes_006.png,shoes_gothic_shoes_006.png,gothic,1,,gothic,1,0.9305089712142944,formal,0.05891084671020508,0.8715981245040894,0.07202357798814774,True,0.058910847,0.930509,0.004297198,0.0062830555,False,False,False,False,False,False
split_style_val,val,..\dataset\split_style\val\gothic\shoes_gothic_shoes_009.png,shoes_gothic_shoes_009.png,gothic,1,,gothic,1,0.8888111114501953,formal,0.06934474408626556,0.8194663673639297,0.11787055432796478,True,0.069344744,0.8888111,0.022095233,0.019748963,False,False,False,False,False,False
split_style_val,val,..\dataset\split_style\val\gothic\shoes_gothic_shoes_011.png,shoes_gothic_shoes_011.png,gothic,1,,gothic,1,0.9512048363685608,formal,0.022677350789308548,0.9285274855792522,0.05002583935856819,True,0.02267735,0.95120484,0.014885272,0.011232533,False,False,False,False,False,False
split_style_val,val,..\dataset\split_style\val\gothic\shoes_gothic_shoes_020.png,shoes_gothic_shoes_020.png,gothic,1,,gothic,1,0.9030910730361938,sporty,0.038742732256650925,0.8643483407795429,0.1019318699836731,True,0.030101025,0.9030911,0.038742732,0.028065188,False,False,False,False,True,False
split_style_val,val,..\dataset\split_style\val\gothic\shoes_gothic_shoes_022.png,shoes_gothic_shoes_022.png,gothic,1,,gothic,1,0.6479460597038269,formal,0.28748583793640137,0.36046022176742554,0.4339478015899658,True,0.28748584,0.64794606,0.021586422,0.04298166,False,False,False,False,False,False
split_style_val,val,..\dataset\split_style\val\gothic\shoes_gothic_shoes_025.png,shoes_gothic_shoes_025.png,gothic,1,,sporty,2,0.44151926040649414,gothic,0.32156068086624146,0.11995857954025269,1.1345691680908203,False,0.046333265,0.32156068,0.44151926,0.19058679,True,True,True,True,True,True
split_style_val,val,..\dataset\split_style\val\gothic\shoes_gothic_shoes_032.png,shoes_gothic_shoes_032.png,gothic,1,,gothic,1,0.9410790205001831,formal,0.029272211715579033,0.9118068087846041,0.060728173702955246,True,0.029272212,0.941079,0.015657412,0.013991339,False,False,False,False,False,False
split_style_val,val,..\dataset\split_style\val\gothic\shoes_gothic_shoes_047.png,shoes_gothic_shoes_047.png,gothic,1,,formal,0,0.3775542676448822,streetwear,0.2656762897968292,0.11187797784805298,1.4048874378204346,False,0.37755427,0.24539469,0.11137471,0.2656763,True,True,True,True,True,True
split_style_val,val,..\dataset\split_style\val\gothic\shoes_gothic_shoes_048.png,shoes_gothic_shoes_048.png,gothic,1,,gothic,1,0.9716534614562988,streetwear,0.013561565428972244,0.9580918960273266,0.028756046667695045,True,0.00973379,0.97165346,0.005051064,0.013561565,False,False,False,False,True,False
split_style_val,val,..\dataset\split_style\val\gothic\tshirt_gothic_tshirt_006.png,tshirt_gothic_tshirt_006.png,gothic,1,,gothic,1,0.7821299433708191,streetwear,0.1349906474351883,0.6471392959356308,0.24573437869548798,True,0.040951453,0.78212994,0.04192801,0.13499065,False,False,False,False,True,False
split_style_val,val,..\dataset\split_style\val\gothic\tshirt_gothic_tshirt_021.png,tshirt_gothic_tshirt_021.png,gothic,1,,gothic,1,0.5962619781494141,streetwear,0.2490694224834442,0.34719255566596985,0.5170751214027405,True,0.11154505,0.596262,0.043123562,0.24906942,False,False,False,True,True,True
split_style_val,val,..\dataset\split_style\val\gothic\tshirt_gothic_tshirt_023.png,tshirt_gothic_tshirt_023.png,gothic,1,,gothic,1,0.544114887714386,streetwear,0.17250880599021912,0.37160608172416687,0.6085948944091797,True,0.11998515,0.5441149,0.16339116,0.1725088,False,False,False,True,True,True
split_style_val,val,..\dataset\split_style\val\gothic\tshirt_gothic_tshirt_026.png,tshirt_gothic_tshirt_026.png,gothic,1,,gothic,1,0.9424414038658142,streetwear,0.03882121294736862,0.9036201909184456,0.05928150936961174,True,0.007671038,0.9424414,0.011066324,0.038821213,False,False,False,False,True,False
split_style_val,val,..\dataset\split_style\val\gothic\tshirt_gothic_tshirt_046.png,tshirt_gothic_tshirt_046.png,gothic,1,,gothic,1,0.8415377140045166,formal,0.11155453324317932,0.7299831807613373,0.17252442240715027,True,0.11155453,0.8415377,0.032358143,0.014549552,False,False,False,False,False,False
split_style_val,val,..\dataset\split_style\val\gothic\tshirt_gothic_tshirt_049.png,tshirt_gothic_tshirt_049.png,gothic,1,,gothic,1,0.9696850776672363,streetwear,0.018379095941781998,0.9513059817254543,0.030783912166953087,True,0.010469289,0.9696851,0.0014664654,0.018379096,False,False,False,False,True,False
split_style_val,val,..\dataset\split_style\val\gothic\tshirt_gothic_tshirt_050.png,tshirt_gothic_tshirt_050.png,gothic,1,,gothic,1,0.9418362975120544,streetwear,0.03877507150173187,0.9030612260103226,0.059923816472291946,True,0.011798366,0.9418363,0.0075902585,0.03877507,False,False,False,False,True,False
split_style_val,val,..\dataset\split_style\val\sporty\jacket_sporty_jacket_007.png,jacket_sporty_jacket_007.png,sporty,2,,formal,0,0.43167486786842346,sporty,0.37944865226745605,0.05222621560096741,0.9690360426902771,False,0.43167487,0.010953098,0.37944865,0.17792343,True,False,True,True,False,False
split_style_val,val,..\dataset\split_style\val\sporty\jacket_sporty_jacket_011.png,jacket_sporty_jacket_011.png,sporty,2,,streetwear,3,0.5504701137542725,formal,0.21773698925971985,0.3327331244945526,2.44189453125,False,0.21773699,0.14479703,0.086995885,0.5504701,True,True,False,True,True,True
split_style_val,val,..\dataset\split_style\val\sporty\jacket_sporty_jacket_027.png,jacket_sporty_jacket_027.png,sporty,2,,sporty,2,0.7123779654502869,formal,0.2540757358074188,0.45830222964286804,0.3391466736793518,True,0.25407574,0.008785057,0.71237797,0.024761306,False,False,False,False,False,False
split_style_val,val,..\dataset\split_style\val\sporty\jacket_sporty_jacket_028.png,jacket_sporty_jacket_028.png,sporty,2,,sporty,2,0.8158580660820007,formal,0.1326451301574707,0.68321293592453,0.20351484417915344,True,0.13264513,0.039234884,0.81585807,0.012261855,False,False,False,False,False,False
split_style_val,val,..\dataset\split_style\val\sporty\jacket_sporty_jacket_033.png,jacket_sporty_jacket_033.png,sporty,2,,sporty,2,0.6770341396331787,formal,0.29024216532707214,0.38679197430610657,0.3900335729122162,True,0.29024217,0.01791585,0.67703414,0.014807824,False,False,False,False,False,False
split_style_val,val,..\dataset\split_style\val\sporty\jacket_sporty_jacket_038.png,jacket_sporty_jacket_038.png,sporty,2,,sporty,2,0.9531498551368713,formal,0.02544570341706276,0.9277041517198086,0.04798314347863197,True,0.025445703,0.012952808,0.95314986,0.008451662,False,False,False,False,False,False
split_style_val,val,..\dataset\split_style\val\sporty\jacket_sporty_jacket_040.png,jacket_sporty_jacket_040.png,sporty,2,,sporty,2,0.6709790229797363,gothic,0.16245613992214203,0.5085228830575943,0.3990173935890198,True,0.07706084,0.16245614,0.670979,0.08950402,False,False,False,False,True,False
split_style_val,val,..\dataset\split_style\val\sporty\jacket_sporty_jacket_041.png,jacket_sporty_jacket_041.png,sporty,2,,sporty,2,0.7403387427330017,formal,0.1680816411972046,0.5722571015357971,0.30064743757247925,True,0.16808164,0.0057017156,0.74033874,0.08587791,False,False,False,False,False,False
split_style_val,val,..\dataset\split_style\val\sporty\jacket_sporty_jacket_046.png,jacket_sporty_jacket_046.png,sporty,2,,sporty,2,0.706714391708374,formal,0.14608906209468842,0.5606253296136856,0.34712865948677063,True,0.14608906,0.02161182,0.7067144,0.12558469,False,False,False,False,False,False
split_style_val,val,..\dataset\split_style\val\sporty\pants_sporty_pants_004.png,pants_sporty_pants_004.png,sporty,2,,formal,0,0.49089670181274414,sporty,0.29466792941093445,0.1962287724018097,1.2219061851501465,False,0.4908967,0.021218197,0.29466793,0.19321719,True,True,True,True,False,False
split_style_val,val,..\dataset\split_style\val\sporty\pants_sporty_pants_011.png,pants_sporty_pants_011.png,sporty,2,,sporty,2,0.6955941915512085,formal,0.22295396029949188,0.4726402312517166,0.36298882961273193,True,0.22295396,0.017124226,0.6955942,0.06432759,False,False,False,False,False,False
split_style_val,val,..\dataset\split_style\val\sporty\pants_sporty_pants_014.png,pants_sporty_pants_014.png,sporty,2,,sporty,2,0.6462400555610657,streetwear,0.20135198533535004,0.44488807022571564,0.4365842640399933,True,0.12104238,0.03136565,0.64624006,0.20135199,False,False,False,False,True,False
split_style_val,val,..\dataset\split_style\val\sporty\pants_sporty_pants_019.png,pants_sporty_pants_019.png,sporty,2,,sporty,2,0.5616187453269958,streetwear,0.22791267931461334,0.3337060660123825,0.5769320130348206,True,0.12200098,0.088467605,0.56161875,0.22791268,False,False,False,True,True,True
split_style_val,val,..\dataset\split_style\val\sporty\pants_sporty_pants_029.png,pants_sporty_pants_029.png,sporty,2,,sporty,2,0.8873521089553833,formal,0.06411956250667572,0.8232325464487076,0.11951340734958649,True,0.06411956,0.0047181416,0.8873521,0.0438102,False,False,False,False,False,False
split_style_val,val,..\dataset\split_style\val\sporty\pants_sporty_pants_041.png,pants_sporty_pants_041.png,sporty,2,,sporty,2,0.44472256302833557,formal,0.3079902231693268,0.1367323398590088,0.8103046417236328,True,0.30799022,0.0783698,0.44472256,0.16891736,False,False,True,True,False,False
split_style_val,val,..\dataset\split_style\val\sporty\pants_sporty_pants_042.png,pants_sporty_pants_042.png,sporty,2,,sporty,2,0.4846215546131134,formal,0.3252095580101013,0.15941199660301208,0.724386990070343,True,0.32520956,0.09501678,0.48462155,0.095152035,False,False,True,True,False,False
split_style_val,val,..\dataset\split_style\val\sporty\pants_sporty_pants_044.png,pants_sporty_pants_044.png,sporty,2,,sporty,2,0.5209404826164246,formal,0.20290078222751617,0.3180397003889084,0.6521194577217102,True,0.20290078,0.08524799,0.5209405,0.19091073,False,False,False,True,False,False
split_style_val,val,..\dataset\split_style\val\sporty\pants_sporty_pants_048.png,pants_sporty_pants_048.png,sporty,2,,sporty,2,0.6863172054290771,formal,0.15676800906658173,0.5295491963624954,0.3764153718948364,True,0.15676801,0.04400036,0.6863172,0.11291444,False,False,False,False,False,False
split_style_val,val,..\dataset\split_style\val\sporty\shoes_sporty_shoes_005.png,shoes_sporty_shoes_005.png,sporty,2,,sporty,2,0.7180947661399841,streetwear,0.2317306101322174,0.4863641560077667,0.3311537206172943,True,0.033620816,0.016553834,0.71809477,0.23173061,False,False,False,False,True,False
split_style_val,val,..\dataset\split_style\val\sporty\shoes_sporty_shoes_006.png,shoes_sporty_shoes_006.png,sporty,2,,sporty,2,0.969277560710907,streetwear,0.023959187790751457,0.9453183729201555,0.03120424412190914,True,0.0056037833,0.0011594915,0.96927756,0.023959188,False,False,False,False,True,False
split_style_val,val,..\dataset\split_style\val\sporty\shoes_sporty_shoes_011.png,shoes_sporty_shoes_011.png,sporty,2,,sporty,2,0.8735899329185486,streetwear,0.09396213293075562,0.779627799987793,0.1351442039012909,True,0.029517563,0.0029303862,0.87358993,0.09396213,False,False,False,False,True,False
split_style_val,val,..\dataset\split_style\val\sporty\shoes_sporty_shoes_021.png,shoes_sporty_shoes_021.png,sporty,2,,sporty,2,0.5364089012145996,gothic,0.25388631224632263,0.282522588968277,0.622858464717865,True,0.083222106,0.2538863,0.5364089,0.12648268,False,False,False,True,True,True
split_style_val,val,..\dataset\split_style\val\sporty\tshirt_sporty_tshirt_002.png,tshirt_sporty_tshirt_002.png,sporty,2,,formal,0,0.5481105446815491,sporty,0.3492050766944885,0.19890546798706055,1.052095890045166,False,0.54811054,0.05933678,0.34920508,0.043347638,True,True,True,True,False,False
split_style_val,val,..\dataset\split_style\val\sporty\tshirt_sporty_tshirt_003.png,tshirt_sporty_tshirt_003.png,sporty,2,,sporty,2,0.4019899368286133,formal,0.3958818316459656,0.006108105182647705,0.9113281965255737,True,0.39588183,0.11856987,0.40198994,0.08355833,False,False,True,True,False,False
split_style_val,val,..\dataset\split_style\val\sporty\tshirt_sporty_tshirt_011.png,tshirt_sporty_tshirt_011.png,sporty,2,,sporty,2,0.47220566868782043,formal,0.39761993288993835,0.07458573579788208,0.7503406405448914,True,0.39761993,0.079351194,0.47220567,0.050823268,False,False,True,True,False,False
split_style_val,val,..\dataset\split_style\val\sporty\tshirt_sporty_tshirt_017.png,tshirt_sporty_tshirt_017.png,sporty,2,,sporty,2,0.9312626123428345,gothic,0.034459035843610764,0.8968035764992237,0.07121393829584122,True,0.026615959,0.034459036,0.9312626,0.007662352,False,False,False,False,True,False
split_style_val,val,..\dataset\split_style\val\sporty\tshirt_sporty_tshirt_024.png,tshirt_sporty_tshirt_024.png,sporty,2,,sporty,2,0.9106804132461548,formal,0.058282822370529175,0.8523975908756256,0.09356323629617691,True,0.058282822,0.02535832,0.9106804,0.0056784283,False,False,False,False,False,False
split_style_val,val,..\dataset\split_style\val\sporty\tshirt_sporty_tshirt_033.png,tshirt_sporty_tshirt_033.png,sporty,2,,sporty,2,0.6671379208564758,formal,0.21919414401054382,0.447943776845932,0.4047585129737854,True,0.21919414,0.034248453,0.6671379,0.079419546,False,False,False,False,False,False
split_style_val,val,..\dataset\split_style\val\sporty\tshirt_sporty_tshirt_036.png,tshirt_sporty_tshirt_036.png,sporty,2,,sporty,2,0.5243688225746155,streetwear,0.27185818552970886,0.2525106370449066,0.6455599665641785,True,0.12686549,0.07690749,0.5243688,0.2718582,False,False,False,True,True,True
split_style_val,val,..\dataset\split_style\val\sporty\tshirt_sporty_tshirt_040.png,tshirt_sporty_tshirt_040.png,sporty,2,,sporty,2,0.6584395170211792,formal,0.21584179997444153,0.44259771704673767,0.41788265109062195,True,0.2158418,0.02108348,0.6584395,0.104635194,False,False,False,False,False,False
split_style_val,val,..\dataset\split_style\val\streetwear\jacket_streetwear_jacket_002.png,jacket_streetwear_jacket_002.png,streetwear,3,,streetwear,3,0.8543043732643127,sporty,0.08050912618637085,0.7737952470779419,0.15746770799160004,True,0.043711003,0.021475464,0.080509126,0.8543044,False,False,False,False,True,False
split_style_val,val,..\dataset\split_style\val\streetwear\jacket_streetwear_jacket_006.png,jacket_streetwear_jacket_006.png,streetwear,3,,streetwear,3,0.4986025393009186,formal,0.257733017206192,0.24086952209472656,0.6959459781646729,True,0.25773302,0.009811832,0.23385255,0.49860254,False,False,False,True,True,True
split_style_val,val,..\dataset\split_style\val\streetwear\jacket_streetwear_jacket_016.png,jacket_streetwear_jacket_016.png,streetwear,3,,streetwear,3,0.6291917562484741,formal,0.2532356381416321,0.37595611810684204,0.46331918239593506,True,0.25323564,0.006548901,0.11102371,0.62919176,False,False,False,False,True,False
split_style_val,val,..\dataset\split_style\val\streetwear\jacket_streetwear_jacket_017.png,jacket_streetwear_jacket_017.png,streetwear,3,,streetwear,3,0.7267293930053711,formal,0.16275428235530853,0.5639751106500626,0.31920111179351807,True,0.16275428,0.011266973,0.09924944,0.7267294,False,False,False,False,True,False
split_style_val,val,..\dataset\split_style\val\streetwear\jacket_streetwear_jacket_021.png,jacket_streetwear_jacket_021.png,streetwear,3,,streetwear,3,0.5293881893157959,formal,0.23781809210777283,0.29157009720802307,0.636033296585083,True,0.23781809,0.06139498,0.17139873,0.5293882,False,False,False,True,True,True
split_style_val,val,..\dataset\split_style\val\streetwear\jacket_streetwear_jacket_036.png,jacket_streetwear_jacket_036.png,streetwear,3,,gothic,1,0.6446194648742676,streetwear,0.3290690779685974,0.31555038690567017,1.111487627029419,False,0.017547637,0.64461946,0.008763807,0.32906908,True,True,False,False,True,True
split_style_val,val,..\dataset\split_style\val\streetwear\jacket_streetwear_jacket_039.png,jacket_streetwear_jacket_039.png,streetwear,3,,gothic,1,0.4495691657066345,formal,0.28040948510169983,0.1691596806049347,2.4314932823181152,False,0.2804095,0.44956917,0.18211599,0.08790545,True,True,True,True,False,False
split_style_val,val,..\dataset\split_style\val\streetwear\jacket_streetwear_jacket_040.png,jacket_streetwear_jacket_040.png,streetwear,3,,gothic,1,0.4968797266483307,streetwear,0.2285313457250595,0.2683483809232712,1.4760818481445312,False,0.16475885,0.49687973,0.109830074,0.22853135,True,True,False,True,True,True
split_style_val,val,..\dataset\split_style\val\streetwear\pants_streetwear_pants_003.png,pants_streetwear_pants_003.png,streetwear,3,,streetwear,3,0.9676761031150818,sporty,0.01774357631802559,0.9499325267970562,0.032857853919267654,True,0.012041108,0.0025392286,0.017743576,0.9676761,False,False,False,False,True,False
split_style_val,val,..\dataset\split_style\val\streetwear\pants_streetwear_pants_005.png,pants_streetwear_pants_005.png,streetwear,3,,streetwear,3,0.8797538876533508,sporty,0.058583520352840424,0.8211703673005104,0.12811310589313507,True,0.037289288,0.024373287,0.05858352,0.8797539,False,False,False,False,True,False
split_style_val,val,..\dataset\split_style\val\streetwear\pants_streetwear_pants_010.png,pants_streetwear_pants_010.png,streetwear,3,,streetwear,3,0.8199053406715393,gothic,0.09253723919391632,0.727368101477623,0.19856640696525574,True,0.054369964,0.09253724,0.03318752,0.81990534,False,False,False,False,True,False
split_style_val,val,..\dataset\split_style\val\streetwear\pants_streetwear_pants_020.png,pants_streetwear_pants_020.png,streetwear,3,,streetwear,3,0.9667108058929443,gothic,0.017512552440166473,0.9491982534527779,0.033855877816677094,True,0.010465054,0.017512552,0.005311527,0.9667108,False,False,False,False,True,False
split_style_val,val,..\dataset\split_style\val\streetwear\pants_streetwear_pants_027.png,pants_streetwear_pants_027.png,streetwear,3,,streetwear,3,0.7008048295974731,formal,0.19229650497436523,0.5085083246231079,0.35552582144737244,True,0.1922965,0.05523302,0.051665682,0.7008048,False,False,False,False,True,False
split_style_val,val,..\dataset\split_style\val\streetwear\pants_streetwear_pants_035.png,pants_streetwear_pants_035.png,streetwear,3,,streetwear,3,0.9888852834701538,formal,0.006773689761757851,0.982111593708396,0.01117695216089487,True,0.0067736898,0.0016873038,0.0026538053,0.9888853,False,False,False,False,True,False
split_style_val,val,..\dataset\split_style\val\streetwear\pants_streetwear_pants_036.png,pants_streetwear_pants_036.png,streetwear,3,,streetwear,3,0.46794867515563965,formal,0.2844090461730957,0.18353962898254395,0.7593966722488403,True,0.28440905,0.08495157,0.16269067,0.46794868,False,False,True,True,True,True
split_style_val,val,..\dataset\split_style\val\streetwear\pants_streetwear_pants_041.png,pants_streetwear_pants_041.png,streetwear,3,,streetwear,3,0.8047798275947571,formal,0.13147665560245514,0.6733031719923019,0.2171865552663803,True,0.13147666,0.011651429,0.052092113,0.8047798,False,False,False,False,True,False
split_style_val,val,..\dataset\split_style\val\streetwear\pants_streetwear_pants_048.png,pants_streetwear_pants_048.png,streetwear,3,,streetwear,3,0.8898362517356873,formal,0.07894039154052734,0.8108958601951599,0.1167178526520729,True,0.07894039,0.0073946877,0.023828689,0.88983625,False,False,False,False,True,False
split_style_val,val,..\dataset\split_style\val\streetwear\pants_streetwear_pants_049.png,pants_streetwear_pants_049.png,streetwear,3,,streetwear,3,0.8634181618690491,formal,0.07359842211008072,0.7898197397589684,0.1468561887741089,True,0.07359842,0.034558963,0.028424567,0.86341816,False,False,False,False,True,False
split_style_val,val,..\dataset\split_style\val\streetwear\pants_streetwear_pants_050.png,pants_streetwear_pants_050.png,streetwear,3,,streetwear,3,0.8763094544410706,formal,0.08015347272157669,0.7961559817194939,0.1320360004901886,True,0.08015347,0.0057565356,0.037780534,0.87630945,False,False,False,False,True,False
split_style_val,val,..\dataset\split_style\val\streetwear\shoes_streetwear_shoes_005.png,shoes_streetwear_shoes_005.png,streetwear,3,,streetwear,3,0.5105427503585815,sporty,0.2691124379634857,0.24143031239509583,0.6722809076309204,True,0.08913649,0.13120833,0.26911244,0.51054275,False,False,False,True,True,True
split_style_val,val,..\dataset\split_style\val\streetwear\shoes_streetwear_shoes_007.png,shoes_streetwear_shoes_007.png,streetwear,3,,streetwear,3,0.5364962220191956,sporty,0.30979689955711365,0.2266993224620819,0.6226957440376282,True,0.13625954,0.017447328,0.3097969,0.5364962,False,False,False,True,True,True
split_style_val,val,..\dataset\split_style\val\streetwear\shoes_streetwear_shoes_008.png,shoes_streetwear_shoes_008.png,streetwear,3,,streetwear,3,0.6769483685493469,sporty,0.19053320586681366,0.48641516268253326,0.39016029238700867,True,0.12658025,0.0059382142,0.1905332,0.67694837,False,False,False,False,True,False
split_style_val,val,..\dataset\split_style\val\streetwear\shoes_streetwear_shoes_020.png,shoes_streetwear_shoes_020.png,streetwear,3,,streetwear,3,0.42615413665771484,gothic,0.3037504255771637,0.12240371108055115,0.8529542088508606,True,0.103132606,0.30375043,0.16696282,0.42615414,False,False,True,True,True,True
split_style_val,val,..\dataset\split_style\val\streetwear\shoes_streetwear_shoes_023.png,shoes_streetwear_shoes_023.png,streetwear,3,,streetwear,3,0.4616982340812683,sporty,0.41178402304649353,0.04991421103477478,0.7728437781333923,True,0.12301029,0.0035075257,0.41178402,0.46169823,False,False,True,True,True,True
split_style_val,val,..\dataset\split_style\val\streetwear\shoes_streetwear_shoes_039.png,shoes_streetwear_shoes_039.png,streetwear,3,,sporty,2,0.5100712776184082,streetwear,0.2945215702056885,0.21554970741271973,1.2224030494689941,False,0.15311587,0.042291313,0.5100713,0.29452157,True,True,False,True,True,True
split_style_val,val,..\dataset\split_style\val\streetwear\shoes_streetwear_shoes_049.png,shoes_streetwear_shoes_049.png,streetwear,3,,streetwear,3,0.4764697849750519,sporty,0.4443812370300293,0.03208854794502258,0.7413509488105774,True,0.067952186,0.011196808,0.44438124,0.47646978,False,False,True,True,True,True
split_style_val,val,..\dataset\split_style\val\streetwear\shoes_streetwear_shoes_050.png,shoes_streetwear_shoes_050.png,streetwear,3,,streetwear,3,0.47154879570007324,sporty,0.4331180155277252,0.03843078017234802,0.7517327070236206,True,0.075015925,0.020317165,0.43311802,0.4715488,False,False,True,True,True,True
split_style_val,val,..\dataset\split_style\val\streetwear\tshirt_streetwear_tshirt_008.png,tshirt_streetwear_tshirt_008.png,streetwear,3,,streetwear,3,0.49576520919799805,formal,0.2515154480934143,0.24424976110458374,0.7016528248786926,True,0.25151545,0.23512386,0.017595489,0.4957652,False,False,False,True,True,True
split_style_val,val,..\dataset\split_style\val\streetwear\tshirt_streetwear_tshirt_017.png,tshirt_streetwear_tshirt_017.png,streetwear,3,,formal,0,0.6304349899291992,sporty,0.17132630944252014,0.4591086804866791,2.764866828918457,False,0.630435,0.13525422,0.17132631,0.06298448,True,True,False,False,False,False
split_style_val,val,..\dataset\split_style\val\streetwear\tshirt_streetwear_tshirt_045.png,tshirt_streetwear_tshirt_045.png,streetwear,3,,streetwear,3,0.47992873191833496,formal,0.3499082624912262,0.13002046942710876,0.7341176867485046,True,0.34990826,0.06080395,0.10935907,0.47992873,False,False,True,True,True,True
split_style_test,test,..\dataset\split_style\test\formal\jacket_formal_jacket_007.png,jacket_formal_jacket_007.png,formal,0,,formal,0,0.873715877532959,sporty,0.07457920908927917,0.7991366684436798,0.1350000649690628,True,0.8737159,0.0258478,0.07457921,0.025857167,False,False,False,False,False,False
split_style_test,test,..\dataset\split_style\test\formal\jacket_formal_jacket_008.png,jacket_formal_jacket_008.png,formal,0,,formal,0,0.8079599142074585,streetwear,0.09839765727519989,0.7095622569322586,0.21324285864830017,True,0.8079599,0.01191571,0.08172669,0.09839766,False,False,False,False,True,False
split_style_test,test,..\dataset\split_style\test\formal\jacket_formal_jacket_009.png,jacket_formal_jacket_009.png,formal,0,,formal,0,0.7380581498146057,sporty,0.18125873804092407,0.5567994117736816,0.30373266339302063,True,0.73805815,0.026414026,0.18125874,0.054269142,False,False,False,False,False,False
split_style_test,test,..\dataset\split_style\test\formal\jacket_formal_jacket_023.png,jacket_formal_jacket_023.png,formal,0,,formal,0,0.9483100175857544,sporty,0.021377170458436012,0.9269328471273184,0.05307382717728615,True,0.94831,0.016314326,0.02137717,0.013998562,False,False,False,False,False,False
split_style_test,test,..\dataset\split_style\test\formal\jacket_formal_jacket_024.png,jacket_formal_jacket_024.png,formal,0,,formal,0,0.9758362174034119,streetwear,0.013838729821145535,0.9619974875822663,0.02446054108440876,True,0.9758362,0.0014693843,0.008855637,0.01383873,False,False,False,False,True,False
split_style_test,test,..\dataset\split_style\test\formal\jacket_formal_jacket_027.png,jacket_formal_jacket_027.png,formal,0,,formal,0,0.9869322180747986,sporty,0.006904367823153734,0.9800278502516448,0.013153920881450176,True,0.9869322,0.0038878946,0.006904368,0.002275537,False,False,False,False,False,False
split_style_test,test,..\dataset\split_style\test\formal\jacket_formal_jacket_029.png,jacket_formal_jacket_029.png,formal,0,,formal,0,0.8611866235733032,sporty,0.07049153745174408,0.7906950861215591,0.14944402873516083,True,0.8611866,0.013606856,0.07049154,0.054714996,False,False,False,False,False,False
split_style_test,test,..\dataset\split_style\test\formal\jacket_formal_jacket_036.png,jacket_formal_jacket_036.png,formal,0,,formal,0,0.9216867089271545,sporty,0.05242433771491051,0.869262371212244,0.08154992014169693,True,0.9216867,0.0062889545,0.052424338,0.019600019,False,False,False,False,False,False
split_style_test,test,..\dataset\split_style\test\formal\pants_formal_pants_001.png,pants_formal_pants_001.png,formal,0,,formal,0,0.7189666628837585,sporty,0.14195820689201355,0.577008455991745,0.3299403190612793,True,0.71896666,0.026240632,0.1419582,0.11283448,False,False,False,False,False,False
split_style_test,test,..\dataset\split_style\test\formal\pants_formal_pants_006.png,pants_formal_pants_006.png,formal,0,,formal,0,0.5662801265716553,sporty,0.2902394235134125,0.2760407030582428,0.5686664581298828,True,0.5662801,0.010545442,0.29023942,0.13293509,False,False,False,True,False,False
split_style_test,test,..\dataset\split_style\test\formal\pants_formal_pants_007.png,pants_formal_pants_007.png,formal,0,,formal,0,0.5717911124229431,streetwear,0.3104122579097748,0.26137885451316833,0.5589815378189087,True,0.5717911,0.017314862,0.10048179,0.31041226,False,False,False,True,True,True
split_style_test,test,..\dataset\split_style\test\formal\pants_formal_pants_008.png,pants_formal_pants_008.png,formal,0,,formal,0,0.5527268052101135,streetwear,0.22066135704517365,0.3320654481649399,0.5928913950920105,True,0.5527268,0.048144743,0.178467,0.22066136,False,False,False,True,True,True
split_style_test,test,..\dataset\split_style\test\formal\pants_formal_pants_010.png,pants_formal_pants_010.png,formal,0,,streetwear,3,0.4516603946685791,sporty,0.388502299785614,0.06315809488296509,2.1580896377563477,False,0.11554566,0.044291645,0.3885023,0.4516604,True,True,True,True,True,True
split_style_test,test,..\dataset\split_style\test\formal\pants_formal_pants_013.png,pants_formal_pants_013.png,formal,0,,formal,0,0.8963234424591064,streetwear,0.057563912123441696,0.8387595303356647,0.10945391654968262,True,0.89632344,0.011967813,0.03414481,0.057563912,False,False,False,False,True,False
split_style_test,test,..\dataset\split_style\test\formal\pants_formal_pants_021.png,pants_formal_pants_021.png,formal,0,,formal,0,0.6892006993293762,sporty,0.2700466811656952,0.41915401816368103,0.3722227215766907,True,0.6892007,0.013711527,0.27004668,0.027041055,False,False,False,False,False,False
split_style_test,test,..\dataset\split_style\test\formal\shoes_formal_shoes_008.png,shoes_formal_shoes_008.png,formal,0,,formal,0,0.8672347068786621,sporty,0.0583135150372982,0.8089211918413639,0.1424456089735031,True,0.8672347,0.03187587,0.058313515,0.042575937,False,False,False,False,False,False
split_style_test,test,..\dataset\split_style\test\formal\shoes_formal_shoes_009.png,shoes_formal_shoes_009.png,formal,0,,formal,0,0.654458224773407,streetwear,0.196086585521698,0.458371639251709,0.4239475131034851,True,0.6544582,0.027369255,0.12208594,0.19608659,False,False,False,False,True,False
split_style_test,test,..\dataset\split_style\test\formal\shoes_formal_shoes_015.png,shoes_formal_shoes_015.png,formal,0,,formal,0,0.9548065066337585,streetwear,0.020510325208306313,0.9342961814254522,0.046246591955423355,True,0.9548065,0.004866077,0.019817023,0.020510325,False,False,False,False,True,False
split_style_test,test,..\dataset\split_style\test\formal\shoes_formal_shoes_030.png,shoes_formal_shoes_030.png,formal,0,,formal,0,0.8478968143463135,sporty,0.07370363175868988,0.7741931825876236,0.16499631106853485,True,0.8478968,0.02652656,0.07370363,0.051872972,False,False,False,False,False,False
split_style_test,test,..\dataset\split_style\test\formal\shoes_formal_shoes_040.png,shoes_formal_shoes_040.png,formal,0,,formal,0,0.9519727826118469,sporty,0.022206183522939682,0.9297665990889072,0.04921884089708328,True,0.9519728,0.008472251,0.022206184,0.017348753,False,False,False,False,False,False
split_style_test,test,..\dataset\split_style\test\formal\shoes_formal_shoes_044.png,shoes_formal_shoes_044.png,formal,0,,formal,0,0.9357731938362122,sporty,0.02945028245449066,0.9063229113817215,0.06638211756944656,True,0.9357732,0.013610369,0.029450282,0.02116615,False,False,False,False,False,False
split_style_test,test,..\dataset\split_style\test\formal\tshirt_formal_tshirt_002.png,tshirt_formal_tshirt_002.png,formal,0,,formal,0,0.7591744065284729,streetwear,0.17181681096553802,0.5873575955629349,0.27552369236946106,True,0.7591744,0.0036140673,0.065394685,0.17181681,False,False,False,False,True,False
split_style_test,test,..\dataset\split_style\test\formal\tshirt_formal_tshirt_005.png,tshirt_formal_tshirt_005.png,formal,0,,formal,0,0.6286754012107849,sporty,0.3091799020767212,0.3194954991340637,0.46414023637771606,True,0.6286754,0.003483463,0.3091799,0.05866125,False,False,False,False,False,False
split_style_test,test,..\dataset\split_style\test\formal\tshirt_formal_tshirt_014.png,tshirt_formal_tshirt_014.png,formal,0,,formal,0,0.8197199106216431,sporty,0.11753202229738235,0.7021878883242607,0.19879254698753357,True,0.8197199,0.02844048,0.11753202,0.03430764,False,False,False,False,False,False
split_style_test,test,..\dataset\split_style\test\formal\tshirt_formal_tshirt_017.png,tshirt_formal_tshirt_017.png,formal,0,,formal,0,0.7536009550094604,sporty,0.157281756401062,0.5963191986083984,0.28289228677749634,True,0.75360096,0.020961728,0.15728176,0.068155564,False,False,False,False,False,False
split_style_test,test,..\dataset\split_style\test\formal\tshirt_formal_tshirt_024.png,tshirt_formal_tshirt_024.png,formal,0,,formal,0,0.744046151638031,sporty,0.14163720607757568,0.6024089455604553,0.2956521809101105,True,0.74404615,0.0035533456,0.1416372,0.110763274,False,False,False,False,False,False
split_style_test,test,..\dataset\split_style\test\formal\tshirt_formal_tshirt_039.png,tshirt_formal_tshirt_039.png,formal,0,,formal,0,0.4681873321533203,sporty,0.3407156467437744,0.1274716854095459,0.7588867545127869,True,0.46818733,0.0056626066,0.34071565,0.18543442,False,False,True,True,False,False
split_style_test,test,..\dataset\split_style\test\formal\tshirt_formal_tshirt_040.png,tshirt_formal_tshirt_040.png,formal,0,,formal,0,0.8714701533317566,sporty,0.06933765858411789,0.8021324947476387,0.13757364451885223,True,0.87147015,0.030763943,0.06933766,0.02842826,False,False,False,False,False,False
split_style_test,test,..\dataset\split_style\test\formal\tshirt_formal_tshirt_042.png,tshirt_formal_tshirt_042.png,formal,0,,formal,0,0.7770796418190002,sporty,0.11141461879014969,0.6656650230288506,0.2522124648094177,True,0.77707964,0.057871226,0.11141462,0.053634524,False,False,False,False,False,False
split_style_test,test,..\dataset\split_style\test\formal\tshirt_formal_tshirt_048.png,tshirt_formal_tshirt_048.png,formal,0,,formal,0,0.7047041654586792,streetwear,0.2451770156621933,0.4595271497964859,0.34997719526290894,True,0.70470417,0.005091467,0.045027357,0.24517702,False,False,False,False,True,False
split_style_test,test,..\dataset\split_style\test\gothic\jacket_gothic_jacket_002.png,jacket_gothic_jacket_002.png,gothic,1,,gothic,1,0.9648427367210388,formal,0.01534960512071848,0.9494931316003203,0.03579016774892807,True,0.015349605,0.96484274,0.008856284,0.010951325,False,False,False,False,False,False
split_style_test,test,..\dataset\split_style\test\gothic\jacket_gothic_jacket_006.png,jacket_gothic_jacket_006.png,gothic,1,,gothic,1,0.9388088583946228,formal,0.03165441378951073,0.9071544446051121,0.06314340978860855,True,0.031654414,0.93880886,0.012716409,0.016820394,False,False,False,False,False,False
split_style_test,test,..\dataset\split_style\test\gothic\jacket_gothic_jacket_016.png,jacket_gothic_jacket_016.png,gothic,1,,gothic,1,0.9131094813346863,streetwear,0.05109858140349388,0.8620108999311924,0.0908994972705841,True,0.0074058664,0.9131095,0.028386096,0.05109858,False,False,False,False,True,False
split_style_test,test,..\dataset\split_style\test\gothic\jacket_gothic_jacket_017.png,jacket_gothic_jacket_017.png,gothic,1,,gothic,1,0.6347459554672241,formal,0.2566751539707184,0.37807080149650574,0.45453038811683655,True,0.25667515,0.63474596,0.070718266,0.037860613,False,False,False,False,False,False
split_style_test,test,..\dataset\split_style\test\gothic\jacket_gothic_jacket_019.png,jacket_gothic_jacket_019.png,gothic,1,,gothic,1,0.9301279187202454,sporty,0.02555936388671398,0.9045685548335314,0.07243314385414124,True,0.02017128,0.9301279,0.025559364,0.02414139,False,False,False,False,True,False
split_style_test,test,..\dataset\split_style\test\gothic\jacket_gothic_jacket_031.png,jacket_gothic_jacket_031.png,gothic,1,,gothic,1,0.8107119202613831,sporty,0.1214437410235405,0.6892681792378426,0.2098425179719925,True,0.046185527,0.8107119,0.12144374,0.021658871,False,False,False,False,True,False
split_style_test,test,..\dataset\split_style\test\gothic\pants_gothic_pants_002.png,pants_gothic_pants_002.png,gothic,1,,gothic,1,0.9120041728019714,sporty,0.05868497118353844,0.853319201618433,0.09211071580648422,True,0.02245252,0.9120042,0.05868497,0.006858314,False,False,False,False,True,False
split_style_test,test,..\dataset\split_style\test\gothic\pants_gothic_pants_005.png,pants_gothic_pants_005.png,gothic,1,,gothic,1,0.9915623068809509,sporty,0.005593261681497097,0.9859690451994538,0.008473514579236507,True,0.0013633982,0.9915623,0.0055932617,0.0014810461,False,False,False,False,True,False
split_style_test,test,..\dataset\split_style\test\gothic\pants_gothic_pants_007.png,pants_gothic_pants_007.png,gothic,1,,gothic,1,0.9769004583358765,streetwear,0.012598604895174503,0.964301853440702,0.0233705285936594,True,0.005004516,0.97690046,0.0054963566,0.012598605,False,False,False,False,True,False
split_style_test,test,..\dataset\split_style\test\gothic\pants_gothic_pants_008.png,pants_gothic_pants_008.png,gothic,1,,gothic,1,0.9453663229942322,formal,0.03320275619626045,0.9121635667979717,0.05618276447057724,True,0.033202756,0.9453663,0.015214002,0.006216948,False,False,False,False,False,False
split_style_test,test,..\dataset\split_style\test\gothic\pants_gothic_pants_009.png,pants_gothic_pants_009.png,gothic,1,,gothic,1,0.9253883361816406,sporty,0.040614232420921326,0.8847741037607193,0.07754183560609818,True,0.026632302,0.92538834,0.040614232,0.0073651983,False,False,False,False,True,False
split_style_test,test,..\dataset\split_style\test\gothic\pants_gothic_pants_014.png,pants_gothic_pants_014.png,gothic,1,,gothic,1,0.5894953012466431,streetwear,0.29234373569488525,0.2971515655517578,0.5284885168075562,True,0.07206809,0.5894953,0.04609288,0.29234374,False,False,False,True,True,True
split_style_test,test,..\dataset\split_style\test\gothic\pants_gothic_pants_030.png,pants_gothic_pants_030.png,gothic,1,,gothic,1,0.7387757897377014,streetwear,0.12859325110912323,0.6101825386285782,0.3027607798576355,True,0.042839706,0.7387758,0.08979122,0.12859325,False,False,False,False,True,False
split_style_test,test,..\dataset\split_style\test\gothic\pants_gothic_pants_037.png,pants_gothic_pants_037.png,gothic,1,,gothic,1,0.8864662647247314,sporty,0.07828264683485031,0.8081836178898811,0.1205122172832489,True,0.027146077,0.88646626,0.07828265,0.008105067,False,False,False,False,True,False
split_style_test,test,..\dataset\split_style\test\gothic\pants_gothic_pants_046.png,pants_gothic_pants_046.png,gothic,1,,gothic,1,0.9623457193374634,sporty,0.021104322746396065,0.9412413965910673,0.03838150203227997,True,0.008771383,0.9623457,0.021104323,0.007778533,False,False,False,False,True,False
split_style_test,test,..\dataset\split_style\test\gothic\shoes_gothic_shoes_003.png,shoes_gothic_shoes_003.png,gothic,1,,gothic,1,0.939612865447998,formal,0.04042254388332367,0.8991903215646744,0.0622873455286026,True,0.040422544,0.93961287,0.008542924,0.011421768,False,False,False,False,False,False
split_style_test,test,..\dataset\split_style\test\gothic\shoes_gothic_shoes_013.png,shoes_gothic_shoes_013.png,gothic,1,,gothic,1,0.9176739454269409,formal,0.031676992774009705,0.8859969526529312,0.08591313660144806,True,0.031676993,0.91767395,0.029356696,0.021292351,False,False,False,False,False,False
split_style_test,test,..\dataset\split_style\test\gothic\shoes_gothic_shoes_016.png,shoes_gothic_shoes_016.png,gothic,1,,gothic,1,0.9903077483177185,formal,0.0036115949042141438,0.9866961534135044,0.009739499539136887,True,0.003611595,0.99030775,0.00295916,0.0031214936,False,False,False,False,False,False
split_style_test,test,..\dataset\split_style\test\gothic\shoes_gothic_shoes_033.png,shoes_gothic_shoes_033.png,gothic,1,,gothic,1,0.39245086908340454,streetwear,0.33769816160202026,0.05475270748138428,0.9353439807891846,True,0.16303281,0.39245087,0.10681819,0.33769816,False,False,True,True,True,True
split_style_test,test,..\dataset\split_style\test\gothic\shoes_gothic_shoes_039.png,shoes_gothic_shoes_039.png,gothic,1,,gothic,1,0.7875778079032898,formal,0.13077600300312042,0.6568018049001694,0.23879308998584747,True,0.130776,0.7875778,0.07159342,0.010052769,False,False,False,False,False,False
split_style_test,test,..\dataset\split_style\test\gothic\shoes_gothic_shoes_042.png,shoes_gothic_shoes_042.png,gothic,1,,sporty,2,0.35614585876464844,gothic,0.24657230079174042,0.10957355797290802,1.4000999927520752,False,0.15170637,0.2465723,0.35614586,0.2455755,True,True,True,True,True,True
split_style_test,test,..\dataset\split_style\test\gothic\tshirt_gothic_tshirt_001.png,tshirt_gothic_tshirt_001.png,gothic,1,,gothic,1,0.7228533625602722,streetwear,0.2196219116449356,0.5032314509153366,0.3245488703250885,True,0.0525733,0.72285336,0.004951432,0.21962191,False,False,False,False,True,False
split_style_test,test,..\dataset\split_style\test\gothic\tshirt_gothic_tshirt_012.png,tshirt_gothic_tshirt_012.png,gothic,1,,gothic,1,0.9657990336418152,sporty,0.02002720721065998,0.9457718264311552,0.0347994863986969,True,0.0065901317,0.96579903,0.020027207,0.007583655,False,False,False,False,True,False
split_style_test,test,..\dataset\split_style\test\gothic\tshirt_gothic_tshirt_017.png,tshirt_gothic_tshirt_017.png,gothic,1,,gothic,1,0.9564718008041382,formal,0.017600489780306816,0.9388713110238314,0.044503942131996155,True,0.01760049,0.9564718,0.010082215,0.015845533,False,False,False,False,False,False
split_style_test,test,..\dataset\split_style\test\gothic\tshirt_gothic_tshirt_022.png,tshirt_gothic_tshirt_022.png,gothic,1,,gothic,1,0.9450694918632507,sporty,0.020360292866826057,0.9247091989964247,0.05649680271744728,True,0.01675671,0.9450695,0.020360293,0.017813573,False,False,False,False,True,False
split_style_test,test,..\dataset\split_style\test\gothic\tshirt_gothic_tshirt_027.png,tshirt_gothic_tshirt_027.png,gothic,1,,gothic,1,0.8889035582542419,streetwear,0.0720641240477562,0.8168394342064857,0.11776650696992874,True,0.018173518,0.88890356,0.020858826,0.072064124,False,False,False,False,True,False
split_style_test,test,..\dataset\split_style\test\gothic\tshirt_gothic_tshirt_029.png,tshirt_gothic_tshirt_029.png,gothic,1,,gothic,1,0.7137622237205505,streetwear,0.12208577990531921,0.5916764438152313,0.3372054398059845,True,0.080610454,0.7137622,0.083541565,0.12208578,False,False,False,False,True,False
split_style_test,test,..\dataset\split_style\test\gothic\tshirt_gothic_tshirt_033.png,tshirt_gothic_tshirt_033.png,gothic,1,,gothic,1,0.9285967946052551,streetwear,0.03175648674368858,0.8968403078615665,0.0740806832909584,True,0.021546021,0.9285968,0.018100716,0.031756487,False,False,False,False,True,False
split_style_test,test,..\dataset\split_style\test\gothic\tshirt_gothic_tshirt_037.png,tshirt_gothic_tshirt_037.png,gothic,1,,gothic,1,0.7263593673706055,streetwear,0.22322002053260803,0.5031393468379974,0.3197104036808014,True,0.026840117,0.72635937,0.023580512,0.22322002,False,False,False,False,True,False
split_style_test,test,..\dataset\split_style\test\gothic\tshirt_gothic_tshirt_044.png,tshirt_gothic_tshirt_044.png,gothic,1,,gothic,1,0.9148197770118713,streetwear,0.04087751358747482,0.8739422634243965,0.08902823179960251,True,0.02893523,0.9148198,0.015367502,0.040877514,False,False,False,False,True,False
split_style_test,test,..\dataset\split_style\test\sporty\jacket_sporty_jacket_001.png,jacket_sporty_jacket_001.png,sporty,2,,sporty,2,0.6904739737510681,formal,0.23441118001937866,0.45606279373168945,0.37037697434425354,True,0.23441118,0.013397849,0.690474,0.06171695,False,False,False,False,False,False
split_style_test,test,..\dataset\split_style\test\sporty\jacket_sporty_jacket_003.png,jacket_sporty_jacket_003.png,sporty,2,,formal,0,0.43835097551345825,sporty,0.3975633680820465,0.04078760743141174,0.922400951385498,False,0.43835098,0.031666666,0.39756337,0.13241896,True,False,True,True,False,False
split_style_test,test,..\dataset\split_style\test\sporty\jacket_sporty_jacket_010.png,jacket_sporty_jacket_010.png,sporty,2,,formal,0,0.4512171745300293,streetwear,0.3788941502571106,0.0723230242729187,1.8220158815383911,False,0.45121717,0.0081892405,0.16169946,0.37889415,True,True,True,True,True,True
split_style_test,test,..\dataset\split_style\test\sporty\jacket_sporty_jacket_012.png,jacket_sporty_jacket_012.png,sporty,2,,formal,0,0.46411049365997314,streetwear,0.2508438527584076,0.21326664090156555,1.5065587759017944,False,0.4641105,0.063374154,0.22167149,0.25084385,True,True,False,True,True,True
split_style_test,test,..\dataset\split_style\test\sporty\jacket_sporty_jacket_014.png,jacket_sporty_jacket_014.png,sporty,2,,sporty,2,0.8675231337547302,formal,0.06584406644105911,0.8016790673136711,0.1421130746603012,True,0.06584407,0.012655744,0.86752313,0.053977013,False,False,False,False,False,False
split_style_test,test,..\dataset\split_style\test\sporty\jacket_sporty_jacket_020.png,jacket_sporty_jacket_020.png,sporty,2,,streetwear,3,0.4883919954299927,sporty,0.2466493844985962,0.24174261093139648,1.399787425994873,False,0.15425223,0.110706404,0.24664938,0.488392,True,True,False,True,True,True
split_style_test,test,..\dataset\split_style\test\sporty\jacket_sporty_jacket_024.png,jacket_sporty_jacket_024.png,sporty,2,,sporty,2,0.6398347616195679,gothic,0.2648809850215912,0.3749537765979767,0.4465453028678894,True,0.023496108,0.26488099,0.63983476,0.07178812,False,False,False,False,True,False
split_style_test,test,..\dataset\split_style\test\sporty\jacket_sporty_jacket_029.png,jacket_sporty_jacket_029.png,sporty,2,,sporty,2,0.7301982641220093,formal,0.20924749970436096,0.5209507644176483,0.31443920731544495,True,0.2092475,0.022409847,0.73019826,0.03814445,False,False,False,False,False,False
split_style_test,test,..\dataset\split_style\test\sporty\jacket_sporty_jacket_034.png,jacket_sporty_jacket_034.png,sporty,2,,sporty,2,0.7784662842750549,formal,0.15624600648880005,0.6222202777862549,0.25042957067489624,True,0.156246,0.047682926,0.7784663,0.017604768,False,False,False,False,False,False
split_style_test,test,..\dataset\split_style\test\sporty\jacket_sporty_jacket_039.png,jacket_sporty_jacket_039.png,sporty,2,,sporty,2,0.7859583497047424,formal,0.1243835985660553,0.6615747511386871,0.240851491689682,True,0.1243836,0.0073904083,0.78595835,0.08226767,False,False,False,False,False,False
split_style_test,test,..\dataset\split_style\test\sporty\jacket_sporty_jacket_042.png,jacket_sporty_jacket_042.png,sporty,2,,sporty,2,0.7815982699394226,formal,0.10490281134843826,0.6766954585909843,0.2464144080877304,True,0.10490281,0.09392794,0.78159827,0.01957097,False,False,False,False,False,False
split_style_test,test,..\dataset\split_style\test\sporty\pants_sporty_pants_015.png,pants_sporty_pants_015.png,sporty,2,,sporty,2,0.6418319940567017,formal,0.23571622371673584,0.4061157703399658,0.4434286952018738,True,0.23571622,0.025202591,0.641832,0.09724919,False,False,False,False,False,False
split_style_test,test,..\dataset\split_style\test\sporty\pants_sporty_pants_018.png,pants_sporty_pants_018.png,sporty,2,,sporty,2,0.9233933091163635,formal,0.0359320305287838,0.8874612785875797,0.07970002293586731,True,0.03593203,0.007514598,0.9233933,0.03316004,False,False,False,False,False,False
split_style_test,test,..\dataset\split_style\test\sporty\pants_sporty_pants_021.png,pants_sporty_pants_021.png,sporty,2,,sporty,2,0.8160352110862732,streetwear,0.11224739253520966,0.7037878185510635,0.20329774916172028,True,0.054588817,0.017128551,0.8160352,0.11224739,False,False,False,False,True,False
split_style_test,test,..\dataset\split_style\test\sporty\pants_sporty_pants_036.png,pants_sporty_pants_036.png,sporty,2,,sporty,2,0.8364406228065491,formal,0.1157589852809906,0.7206816375255585,0.17859971523284912,True,0.115758985,0.03407154,0.8364406,0.013728866,False,False,False,False,False,False
split_style_test,test,..\dataset\split_style\test\sporty\pants_sporty_pants_045.png,pants_sporty_pants_045.png,sporty,2,,sporty,2,0.4998306632041931,streetwear,0.29581424593925476,0.20401641726493835,0.6934859156608582,True,0.19523954,0.009115523,0.49983066,0.29581425,False,False,False,True,True,True
split_style_test,test,..\dataset\split_style\test\sporty\shoes_sporty_shoes_009.png,shoes_sporty_shoes_009.png,sporty,2,,sporty,2,0.40618860721588135,streetwear,0.3682110011577606,0.03797760605812073,0.9009376764297485,True,0.169266,0.056334376,0.4061886,0.368211,False,False,True,True,True,True
split_style_test,test,..\dataset\split_style\test\sporty\shoes_sporty_shoes_010.png,shoes_sporty_shoes_010.png,sporty,2,,streetwear,3,0.5396082997322083,sporty,0.34426286816596985,0.1953454315662384,1.0663498640060425,False,0.047974307,0.068154514,0.34426287,0.5396083,True,True,True,True,True,True
split_style_test,test,..\dataset\split_style\test\sporty\shoes_sporty_shoes_014.png,shoes_sporty_shoes_014.png,sporty,2,,sporty,2,0.5780534744262695,streetwear,0.2977835237979889,0.28026995062828064,0.5480889081954956,True,0.11102343,0.0131395925,0.5780535,0.29778352,False,False,False,True,True,True
split_style_test,test,..\dataset\split_style\test\sporty\shoes_sporty_shoes_026.png,shoes_sporty_shoes_026.png,sporty,2,,gothic,1,0.3931334316730499,formal,0.2806943953037262,0.11243903636932373,1.5769569873809814,False,0.2806944,0.39313343,0.20660284,0.119569324,True,True,True,True,False,False
split_style_test,test,..\dataset\split_style\test\sporty\shoes_sporty_shoes_030.png,shoes_sporty_shoes_030.png,sporty,2,,sporty,2,0.7682943344116211,streetwear,0.2177424281835556,0.5505519062280655,0.26358234882354736,True,0.013336848,0.0006263571,0.76829433,0.21774243,False,False,False,False,True,False
split_style_test,test,..\dataset\split_style\test\sporty\shoes_sporty_shoes_040.png,shoes_sporty_shoes_040.png,sporty,2,,sporty,2,0.7177851796150208,streetwear,0.17942823469638824,0.5383569449186325,0.33158496022224426,True,0.06765515,0.035131462,0.7177852,0.17942823,False,False,False,False,True,False
split_style_test,test,..\dataset\split_style\test\sporty\shoes_sporty_shoes_042.png,shoes_sporty_shoes_042.png,sporty,2,,streetwear,3,0.6242916584014893,sporty,0.32310429215431213,0.3011873662471771,1.1297800540924072,False,0.0198595,0.032744605,0.3231043,0.62429166,True,True,False,False,True,True
split_style_test,test,..\dataset\split_style\test\sporty\shoes_sporty_shoes_044.png,shoes_sporty_shoes_044.png,sporty,2,,streetwear,3,0.8050513863563538,sporty,0.17313924431800842,0.6319121420383453,1.7536592483520508,False,0.015247941,0.006561414,0.17313924,0.8050514,True,True,False,False,True,True
split_style_test,test,..\dataset\split_style\test\sporty\shoes_sporty_shoes_050.png,shoes_sporty_shoes_050.png,sporty,2,,sporty,2,0.7800422310829163,streetwear,0.19990210235118866,0.5801401287317276,0.24840718507766724,True,0.013949355,0.006106271,0.78004223,0.1999021,False,False,False,False,True,False
split_style_test,test,..\dataset\split_style\test\sporty\tshirt_sporty_tshirt_013.png,tshirt_sporty_tshirt_013.png,sporty,2,,sporty,2,0.8499008417129517,gothic,0.09041518718004227,0.7594856545329094,0.16263559460639954,True,0.02991745,0.09041519,0.84990084,0.029766584,False,False,False,False,True,False
split_style_test,test,..\dataset\split_style\test\sporty\tshirt_sporty_tshirt_014.png,tshirt_sporty_tshirt_014.png,sporty,2,,sporty,2,0.7381923794746399,formal,0.16220301389694214,0.5759893655776978,0.3035507798194885,True,0.16220301,0.07878746,0.7381924,0.020817105,False,False,False,False,False,False
split_style_test,test,..\dataset\split_style\test\sporty\tshirt_sporty_tshirt_027.png,tshirt_sporty_tshirt_027.png,sporty,2,,sporty,2,0.9369727373123169,formal,0.04676977917551994,0.890202958136797,0.06510111689567566,True,0.04676978,0.007653831,0.93697274,0.00860373,False,False,False,False,False,False
split_style_test,test,..\dataset\split_style\test\sporty\tshirt_sporty_tshirt_031.png,tshirt_sporty_tshirt_031.png,sporty,2,,sporty,2,0.6081168055534363,formal,0.29282310605049133,0.31529369950294495,0.49738824367523193,True,0.2928231,0.012426647,0.6081168,0.08663337,False,False,False,False,False,False
split_style_test,test,..\dataset\split_style\test\sporty\tshirt_sporty_tshirt_034.png,tshirt_sporty_tshirt_034.png,sporty,2,,sporty,2,0.538998544216156,formal,0.24353596568107605,0.29546257853507996,0.6180424094200134,True,0.24353597,0.061762433,0.53899854,0.15570302,False,False,False,True,False,False
split_style_test,test,..\dataset\split_style\test\streetwear\jacket_streetwear_jacket_020.png,jacket_streetwear_jacket_020.png,streetwear,3,,gothic,1,0.4666796624660492,streetwear,0.33958542346954346,0.12709423899650574,1.0800297260284424,False,0.16226216,0.46667966,0.031472743,0.33958542,True,True,True,True,True,True
split_style_test,test,..\dataset\split_style\test\streetwear\jacket_streetwear_jacket_041.png,jacket_streetwear_jacket_041.png,streetwear,3,,gothic,1,0.4305844008922577,formal,0.30928733944892883,0.12129706144332886,2.0195796489715576,False,0.30928734,0.4305844,0.12741704,0.13271125,True,True,True,True,False,False
split_style_test,test,..\dataset\split_style\test\streetwear\pants_streetwear_pants_011.png,pants_streetwear_pants_011.png,streetwear,3,,streetwear,3,0.8632193207740784,formal,0.09851343929767609,0.7647058814764023,0.1470865160226822,True,0.09851344,0.011289019,0.02697819,0.8632193,False,False,False,False,True,False
split_style_test,test,..\dataset\split_style\test\streetwear\pants_streetwear_pants_012.png,pants_streetwear_pants_012.png,streetwear,3,,streetwear,3,0.651084840297699,formal,0.23129011690616608,0.4197947233915329,0.429115355014801,True,0.23129012,0.10196499,0.015660036,0.65108484,False,False,False,False,True,False
split_style_test,test,..\dataset\split_style\test\streetwear\pants_streetwear_pants_014.png,pants_streetwear_pants_014.png,streetwear,3,,streetwear,3,0.6084473133087158,formal,0.31174981594085693,0.2966974973678589,0.496845006942749,True,0.31174982,0.022038128,0.057764787,0.6084473,False,False,False,False,True,False
split_style_test,test,..\dataset\split_style\test\streetwear\pants_streetwear_pants_017.png,pants_streetwear_pants_017.png,streetwear,3,,streetwear,3,0.6625719666481018,formal,0.2791580557823181,0.3834139108657837,0.41162607073783875,True,0.27915806,0.023413477,0.03485655,0.66257197,False,False,False,False,True,False
split_style_test,test,..\dataset\split_style\test\streetwear\pants_streetwear_pants_021.png,pants_streetwear_pants_021.png,streetwear,3,,streetwear,3,0.8215336799621582,formal,0.11249911785125732,0.7090345621109009,0.1965823620557785,True,0.11249912,0.038192805,0.027774451,0.8215337,False,False,False,False,True,False
split_style_test,test,..\dataset\split_style\test\streetwear\pants_streetwear_pants_024.png,pants_streetwear_pants_024.png,streetwear,3,,streetwear,3,0.9639713764190674,formal,0.027313359081745148,0.9366580173373222,0.03669368848204613,True,0.02731336,0.0048011686,0.003914144,0.9639714,False,False,False,False,True,False
split_style_test,test,..\dataset\split_style\test\streetwear\pants_streetwear_pants_032.png,pants_streetwear_pants_032.png,streetwear,3,,streetwear,3,0.5887362360954285,gothic,0.18592725694179535,0.4028089791536331,0.5297769904136658,True,0.13687013,0.18592726,0.08846639,0.58873624,False,False,False,True,True,True
split_style_test,test,..\dataset\split_style\test\streetwear\shoes_streetwear_shoes_010.png,shoes_streetwear_shoes_010.png,streetwear,3,,streetwear,3,0.624074399471283,sporty,0.35135820508003235,0.2727161943912506,0.4714857339859009,True,0.02038485,0.0041825706,0.3513582,0.6240744,False,False,False,False,True,False
split_style_test,test,..\dataset\split_style\test\streetwear\shoes_streetwear_shoes_013.png,shoes_streetwear_shoes_013.png,streetwear,3,,sporty,2,0.6532670259475708,streetwear,0.2562158703804016,0.3970511555671692,1.3617348670959473,False,0.053180367,0.0373367,0.653267,0.25621587,True,True,False,False,True,True
split_style_test,test,..\dataset\split_style\test\streetwear\shoes_streetwear_shoes_014.png,shoes_streetwear_shoes_014.png,streetwear,3,,streetwear,3,0.5818967819213867,formal,0.2187855988740921,0.3631111830472946,0.541462242603302,True,0.2187856,0.01954334,0.17977431,0.5818968,False,False,False,True,True,True
split_style_test,test,..\dataset\split_style\test\streetwear\shoes_streetwear_shoes_015.png,shoes_streetwear_shoes_015.png,streetwear,3,,sporty,2,0.5723390579223633,streetwear,0.3878297805786133,0.18450927734375,0.9471887350082397,False,0.03283058,0.0070005506,0.57233906,0.38782978,True,False,True,True,True,True
split_style_test,test,..\dataset\split_style\test\streetwear\shoes_streetwear_shoes_016.png,shoes_streetwear_shoes_016.png,streetwear,3,,formal,0,0.7252046465873718,streetwear,0.1907864809036255,0.5344181656837463,1.6566004753112793,False,0.72520465,0.013688491,0.07032042,0.19078648,True,True,False,False,True,True
split_style_test,test,..\dataset\split_style\test\streetwear\shoes_streetwear_shoes_019.png,shoes_streetwear_shoes_019.png,streetwear,3,,gothic,1,0.41108596324920654,streetwear,0.3055550754070282,0.10553088784217834,1.1856253147125244,False,0.06996287,0.41108596,0.2133961,0.30555508,True,True,True,True,True,True
split_style_test,test,..\dataset\split_style\test\streetwear\shoes_streetwear_shoes_022.png,shoes_streetwear_shoes_022.png,streetwear,3,,sporty,2,0.6570161581039429,streetwear,0.2903183400630951,0.3666978180408478,1.2367773056030273,False,0.04084256,0.011822952,0.65701616,0.29031834,True,True,False,False,True,True
split_style_test,test,..\dataset\split_style\test\streetwear\shoes_streetwear_shoes_025.png,shoes_streetwear_shoes_025.png,streetwear,3,,sporty,2,0.3689565658569336,streetwear,0.30046361684799194,0.06849294900894165,1.2024285793304443,False,0.27725947,0.05332042,0.36895657,0.30046362,True,True,True,True,True,True
split_style_test,test,..\dataset\split_style\test\streetwear\shoes_streetwear_shoes_030.png,shoes_streetwear_shoes_030.png,streetwear,3,,sporty,2,0.6759811043739319,streetwear,0.21113106608390808,0.4648500382900238,1.5552761554718018,False,0.10006993,0.012817839,0.6759811,0.21113107,True,True,False,False,True,True
split_style_test,test,..\dataset\split_style\test\streetwear\shoes_streetwear_shoes_034.png,shoes_streetwear_shoes_034.png,streetwear,3,,sporty,2,0.6918646097183228,streetwear,0.25293970108032227,0.4389249086380005,1.3746042251586914,False,0.037754554,0.017441195,0.6918646,0.2529397,True,True,False,False,True,True
split_style_test,test,..\dataset\split_style\test\streetwear\shoes_streetwear_shoes_036.png,shoes_streetwear_shoes_036.png,streetwear,3,,sporty,2,0.45851194858551025,streetwear,0.35364148020744324,0.10487046837806702,1.0394716262817383,False,0.14587295,0.041973542,0.45851195,0.35364148,True,True,True,True,True,True
split_style_test,test,..\dataset\split_style\test\streetwear\shoes_streetwear_shoes_041.png,shoes_streetwear_shoes_041.png,streetwear,3,,streetwear,3,0.7712574601173401,formal,0.12063685804605484,0.6506206020712852,0.25973302125930786,True,0.12063686,0.018625746,0.08947986,0.77125746,False,False,False,False,True,False
split_style_test,test,..\dataset\split_style\test\streetwear\shoes_streetwear_shoes_044.png,shoes_streetwear_shoes_044.png,streetwear,3,,sporty,2,0.45920369029045105,streetwear,0.41232210397720337,0.04688158631324768,0.88595050573349,False,0.08241389,0.046060357,0.4592037,0.4123221,True,False,True,True,True,True
split_style_test,test,..\dataset\split_style\test\streetwear\tshirt_streetwear_tshirt_003.png,tshirt_streetwear_tshirt_003.png,streetwear,3,,streetwear,3,0.6852291822433472,gothic,0.19050471484661102,0.49472446739673615,0.3780018985271454,True,0.019003797,0.19050471,0.10526229,0.6852292,False,False,False,False,True,False
split_style_test,test,..\dataset\split_style\test\streetwear\tshirt_streetwear_tshirt_007.png,tshirt_streetwear_tshirt_007.png,streetwear,3,,streetwear,3,0.7210186719894409,formal,0.10165466368198395,0.619364008307457,0.3270902633666992,True,0.10165466,0.08057554,0.0967511,0.7210187,False,False,False,False,True,False
split_style_test,test,..\dataset\split_style\test\streetwear\tshirt_streetwear_tshirt_011.png,tshirt_streetwear_tshirt_011.png,streetwear,3,,streetwear,3,0.8528863191604614,formal,0.056984417140483856,0.7959019020199776,0.15912897884845734,True,0.056984417,0.044965234,0.045164008,0.8528863,False,False,False,False,True,False
split_style_test,test,..\dataset\split_style\test\streetwear\tshirt_streetwear_tshirt_014.png,tshirt_streetwear_tshirt_014.png,streetwear,3,,streetwear,3,0.9269654154777527,formal,0.03698321059346199,0.8899822048842907,0.07583899796009064,True,0.03698321,0.021304844,0.014746483,0.9269654,False,False,False,False,True,False
split_style_test,test,..\dataset\split_style\test\streetwear\tshirt_streetwear_tshirt_021.png,tshirt_streetwear_tshirt_021.png,streetwear,3,,streetwear,3,0.9733695983886719,formal,0.02056979201734066,0.9527998063713312,0.02699143998324871,True,0.020569792,0.0014121167,0.0046484736,0.9733696,False,False,False,False,True,False
split_style_test,test,..\dataset\split_style\test\streetwear\tshirt_streetwear_tshirt_030.png,tshirt_streetwear_tshirt_030.png,streetwear,3,,streetwear,3,0.7419570088386536,formal,0.221688911318779,0.5202680975198746,0.29846400022506714,True,0.22168891,0.018446255,0.017907862,0.741957,False,False,False,False,True,False
split_style_test,test,..\dataset\split_style\test\streetwear\tshirt_streetwear_tshirt_035.png,tshirt_streetwear_tshirt_035.png,streetwear,3,,streetwear,3,0.8996434807777405,formal,0.06576958298683167,0.8338738977909088,0.10575670003890991,True,0.06576958,0.012896627,0.02169027,0.8996435,False,False,False,False,True,False
split_style_test,test,..\dataset\split_style\test\streetwear\tshirt_streetwear_tshirt_044.png,tshirt_streetwear_tshirt_044.png,streetwear,3,,streetwear,3,0.8817394375801086,formal,0.10085229575634003,0.7808871418237686,0.12585869431495667,True,0.100852296,0.0062700477,0.011138292,0.88173944,False,False,False,False,True,False
style_extra,style_extra,..\dataset\style_extra\formal\pants\formal_pants_extra_001.png,formal_pants_extra_001.png,formal,0,,formal,0,0.5455087423324585,sporty,0.3733668923377991,0.17214184999465942,0.6060364246368408,True,0.54550874,0.019381152,0.3733669,0.06174314,False,False,True,True,False,False
style_extra,style_extra,..\dataset\style_extra\formal\pants\formal_pants_extra_002.png,formal_pants_extra_002.png,formal,0,,formal,0,0.4220801889896393,sporty,0.320059210062027,0.1020209789276123,0.862559974193573,True,0.4220802,0.034207825,0.3200592,0.22365277,False,False,True,True,False,False
style_extra,style_extra,..\dataset\style_extra\formal\pants\formal_pants_extra_003.png,formal_pants_extra_003.png,formal,0,,formal,0,0.6604998111724854,streetwear,0.2016521692276001,0.45884764194488525,0.4147584140300751,True,0.6604998,0.063872814,0.07397522,0.20165217,False,False,False,False,True,False
style_extra,style_extra,..\dataset\style_extra\formal\pants\formal_pants_extra_004.png,formal_pants_extra_004.png,formal,0,,formal,0,0.49647122621536255,sporty,0.30075711011886597,0.19571411609649658,0.7002297639846802,True,0.49647123,0.08765164,0.3007571,0.11512005,False,False,True,True,False,False
style_extra,style_extra,..\dataset\style_extra\formal\pants\formal_pants_extra_005.png,formal_pants_extra_005.png,formal,0,,formal,0,0.8563226461410522,streetwear,0.06711000949144363,0.7892126366496086,0.1551080197095871,True,0.85632265,0.029011445,0.047555856,0.06711001,False,False,False,False,True,False
style_extra,style_extra,..\dataset\style_extra\formal\pants\formal_pants_extra_006.png,formal_pants_extra_006.png,formal,0,,formal,0,0.4776470363140106,sporty,0.2724047005176544,0.2052423357963562,0.7388832569122314,True,0.47764704,0.11495194,0.2724047,0.1349963,False,False,False,True,False,False
style_extra,style_extra,..\dataset\style_extra\formal\pants\formal_pants_extra_007.png,formal_pants_extra_007.png,formal,0,,streetwear,3,0.33687564730644226,sporty,0.3227180242538452,0.014157623052597046,1.2572678327560425,False,0.28443006,0.05597627,0.32271802,0.33687565,True,True,True,True,True,True
style_extra,style_extra,..\dataset\style_extra\formal\pants\formal_pants_extra_008.png,formal_pants_extra_008.png,formal,0,,formal,0,0.5966477394104004,streetwear,0.2824162542819977,0.3142314851284027,0.5164283514022827,True,0.59664774,0.025648404,0.09528757,0.28241625,False,False,False,True,True,True
style_extra,style_extra,..\dataset\style_extra\formal\pants\formal_pants_extra_009.png,formal_pants_extra_009.png,formal,0,,formal,0,0.5827801823616028,sporty,0.34444156289100647,0.2383386194705963,0.5399451851844788,True,0.5827802,0.013125047,0.34444156,0.05965324,False,False,False,True,False,False
style_extra,style_extra,..\dataset\style_extra\formal\pants\formal_pants_extra_010.png,formal_pants_extra_010.png,formal,0,,formal,0,0.8606165051460266,sporty,0.11191408336162567,0.7487024217844009,0.1501062959432602,True,0.8606165,0.005358064,0.11191408,0.022111356,False,False,False,False,False,False
style_extra,style_extra,..\dataset\style_extra\formal\shoes\formal_shoes_extra_001.png,formal_shoes_extra_001.png,formal,0,,formal,0,0.4852665662765503,sporty,0.20229902863502502,0.28296753764152527,0.7230569124221802,True,0.48526657,0.19036496,0.20229903,0.12206943,False,False,False,True,False,False
style_extra,style_extra,..\dataset\style_extra\formal\shoes\formal_shoes_extra_002.png,formal_shoes_extra_002.png,formal,0,,formal,0,0.7446054816246033,gothic,0.17952558398246765,0.5650798976421356,0.29490071535110474,True,0.7446055,0.17952558,0.051687635,0.0241813,False,False,False,False,False,False
style_extra,style_extra,..\dataset\style_extra\formal\shoes\formal_shoes_extra_003.png,formal_shoes_extra_003.png,formal,0,,formal,0,0.8362734317779541,streetwear,0.07910145819187164,0.7571719735860825,0.17879962921142578,True,0.83627343,0.028999165,0.055625867,0.07910146,False,False,False,False,True,False
style_extra,style_extra,..\dataset\style_extra\formal\shoes\formal_shoes_extra_004.png,formal_shoes_extra_004.png,formal,0,,formal,0,0.7999953627586365,gothic,0.09383951127529144,0.706155851483345,0.223149374127388,True,0.79999536,0.09383951,0.038747758,0.06741736,False,False,False,False,False,False
style_extra,style_extra,..\dataset\style_extra\formal\shoes\formal_shoes_extra_005.png,formal_shoes_extra_005.png,formal,0,,formal,0,0.9106302857398987,sporty,0.0416552871465683,0.8689749985933304,0.09361827373504639,True,0.9106303,0.029084079,0.041655287,0.018630285,False,False,False,False,False,False
style_extra,style_extra,..\dataset\style_extra\formal\shoes\formal_shoes_extra_006.png,formal_shoes_extra_006.png,formal,0,,formal,0,0.6712674498558044,gothic,0.25195983052253723,0.4193076193332672,0.3985876142978668,True,0.67126745,0.25195983,0.01524196,0.06153075,False,False,False,False,False,False
style_extra,style_extra,..\dataset\style_extra\formal\shoes\formal_shoes_extra_007.png,formal_shoes_extra_007.png,formal,0,,gothic,1,0.46209657192230225,formal,0.328750342130661,0.13334622979164124,1.1124566793441772,False,0.32875034,0.46209657,0.10041574,0.108737364,True,True,True,True,False,False
style_extra,style_extra,..\dataset\style_extra\formal\shoes\formal_shoes_extra_008.png,formal_shoes_extra_008.png,formal,0,,formal,0,0.7902655005455017,gothic,0.10191496461629868,0.688350535929203,0.23538634181022644,True,0.7902655,0.101914965,0.0889352,0.01888434,False,False,False,False,False,False
style_extra,style_extra,..\dataset\style_extra\formal\shoes\formal_shoes_extra_009.png,formal_shoes_extra_009.png,formal,0,,formal,0,0.8470640778541565,streetwear,0.0927061066031456,0.7543579712510109,0.16597889363765717,True,0.8470641,0.0208768,0.039353006,0.09270611,False,False,False,False,True,False
style_extra,style_extra,..\dataset\style_extra\formal\shoes\formal_shoes_extra_010.png,formal_shoes_extra_010.png,formal,0,,formal,0,0.8608661890029907,sporty,0.07199787348508835,0.7888683155179024,0.14981621503829956,True,0.8608662,0.04128188,0.07199787,0.025854053,False,False,False,False,False,False
style_extra,style_extra,..\dataset\style_extra\sporty\jacket\sporty_jacket_extra_001.png,sporty_jacket_extra_001.png,sporty,2,,sporty,2,0.6298149228096008,streetwear,0.2500215172767639,0.3797934055328369,0.46232929825782776,True,0.09289622,0.027267383,0.6298149,0.25002152,False,False,False,False,True,False
style_extra,style_extra,..\dataset\style_extra\sporty\jacket\sporty_jacket_extra_002.png,sporty_jacket_extra_002.png,sporty,2,,sporty,2,0.6789608001708984,formal,0.1771441549062729,0.5018166452646255,0.38719192147254944,True,0.17714415,0.0056695114,0.6789608,0.13822563,False,False,False,False,False,False
style_extra,style_extra,..\dataset\style_extra\sporty\jacket\sporty_jacket_extra_003.png,sporty_jacket_extra_003.png,sporty,2,,streetwear,3,0.4361425042152405,sporty,0.2977307438850403,0.1384117603302002,1.2115657329559326,False,0.18574025,0.08038651,0.29773074,0.4361425,True,True,True,True,True,True
style_extra,style_extra,..\dataset\style_extra\sporty\jacket\sporty_jacket_extra_004.png,sporty_jacket_extra_004.png,sporty,2,,sporty,2,0.5693649649620056,streetwear,0.1949487179517746,0.374416247010231,0.5632336735725403,True,0.18089654,0.054789767,0.56936496,0.19494872,False,False,False,True,True,True
style_extra,style_extra,..\dataset\style_extra\sporty\jacket\sporty_jacket_extra_005.png,sporty_jacket_extra_005.png,sporty,2,,formal,0,0.36565452814102173,gothic,0.24583561718463898,0.11981891095638275,1.8026647567749023,False,0.36565453,0.24583562,0.164859,0.22365081,True,True,True,True,False,False
style_extra,style_extra,..\dataset\style_extra\sporty\jacket\sporty_jacket_extra_006.png,sporty_jacket_extra_006.png,sporty,2,,streetwear,3,0.3740032911300659,sporty,0.3131096661090851,0.060893625020980835,1.1612017154693604,False,0.28975657,0.023130527,0.31310967,0.3740033,True,True,True,True,True,True
style_extra,style_extra,..\dataset\style_extra\sporty\jacket\sporty_jacket_extra_007.png,sporty_jacket_extra_007.png,sporty,2,,streetwear,3,0.48576462268829346,sporty,0.3863108158111572,0.09945380687713623,0.9511130452156067,False,0.0993028,0.028621756,0.38631082,0.48576462,True,False,True,True,True,True
style_extra,style_extra,..\dataset\style_extra\sporty\jacket\sporty_jacket_extra_008.png,sporty_jacket_extra_008.png,sporty,2,,sporty,2,0.3932172358036041,streetwear,0.38165247440338135,0.011564761400222778,0.9333930611610413,True,0.17297074,0.052159537,0.39321724,0.38165247,False,False,True,True,True,True
style_extra,style_extra,..\dataset\style_extra\sporty\jacket\sporty_jacket_extra_009.png,sporty_jacket_extra_009.png,sporty,2,,streetwear,3,0.6573134660720825,sporty,0.29858097434043884,0.3587324917316437,1.2087141275405884,False,0.039873123,0.004232423,0.29858097,0.65731347,True,True,False,False,True,True
style_extra,style_extra,..\dataset\style_extra\sporty\jacket\sporty_jacket_extra_010.png,sporty_jacket_extra_010.png,sporty,2,,sporty,2,0.7956270575523376,streetwear,0.14868855476379395,0.6469385027885437,0.22862471640110016,True,0.046948366,0.008735971,0.79562706,0.14868855,False,False,False,False,True,False
style_extra,style_extra,..\dataset\style_extra\sporty\shoes\sporty_shoes_extra_001.png,sporty_shoes_extra_001.png,sporty,2,,sporty,2,0.8033593893051147,streetwear,0.14872446656227112,0.6546349227428436,0.21895311772823334,True,0.039974324,0.007941817,0.8033594,0.14872447,False,False,False,False,True,False
style_extra,style_extra,..\dataset\style_extra\sporty\shoes\sporty_shoes_extra_002.png,sporty_shoes_extra_002.png,sporty,2,,sporty,2,0.8046491146087646,streetwear,0.16392603516578674,0.6407230794429779,0.21734896302223206,True,0.025450109,0.0059747132,0.8046491,0.16392604,False,False,False,False,True,False
style_extra,style_extra,..\dataset\style_extra\sporty\shoes\sporty_shoes_extra_003.png,sporty_shoes_extra_003.png,sporty,2,,streetwear,3,0.5859453678131104,sporty,0.3186335563659668,0.26731181144714355,1.1437135934829712,False,0.031648975,0.063772075,0.31863356,0.58594537,True,True,False,True,True,True
style_extra,style_extra,..\dataset\style_extra\sporty\shoes\sporty_shoes_extra_004.png,sporty_shoes_extra_004.png,sporty,2,,sporty,2,0.7237207293510437,streetwear,0.20892830193042755,0.5147924274206161,0.3233496844768524,True,0.055354416,0.011996588,0.7237207,0.2089283,False,False,False,False,True,False
style_extra,style_extra,..\dataset\style_extra\sporty\shoes\sporty_shoes_extra_005.png,sporty_shoes_extra_005.png,sporty,2,,sporty,2,0.5525224208831787,streetwear,0.35273486375808716,0.19978755712509155,0.5932613015174866,True,0.09177768,0.0029650556,0.5525224,0.35273486,False,False,True,True,True,True
style_extra,style_extra,..\dataset\style_extra\sporty\shoes\sporty_shoes_extra_006.png,sporty_shoes_extra_006.png,sporty,2,,sporty,2,0.7350247502326965,streetwear,0.15619608759880066,0.5788286626338959,0.3078511357307434,True,0.10232578,0.006453371,0.73502475,0.15619609,False,False,False,False,True,False
style_extra,style_extra,..\dataset\style_extra\sporty\shoes\sporty_shoes_extra_007.png,sporty_shoes_extra_007.png,sporty,2,,formal,0,0.508822500705719,sporty,0.22666454315185547,0.2821579575538635,1.4842841625213623,False,0.5088225,0.11567616,0.22666454,0.14883679,True,True,False,True,False,False
style_extra,style_extra,..\dataset\style_extra\sporty\shoes\sporty_shoes_extra_008.png,sporty_shoes_extra_008.png,sporty,2,,sporty,2,0.4081297814846039,streetwear,0.2965278923511505,0.11160188913345337,0.8961700797080994,True,0.25172767,0.043614697,0.40812978,0.2965279,False,False,True,True,True,True
style_extra,style_extra,..\dataset\style_extra\sporty\shoes\sporty_shoes_extra_009.png,sporty_shoes_extra_009.png,sporty,2,,sporty,2,0.6783907413482666,streetwear,0.2627113461494446,0.415679395198822,0.38803187012672424,True,0.04674693,0.012150997,0.67839074,0.26271135,False,False,False,False,True,False
style_extra,style_extra,..\dataset\style_extra\sporty\shoes\sporty_shoes_extra_010.png,sporty_shoes_extra_010.png,sporty,2,,sporty,2,0.8625531792640686,formal,0.062156617641448975,0.8003965616226196,0.14785851538181305,True,0.062156618,0.014034534,0.8625532,0.06125569,False,False,False,False,False,False
style_extra,style_extra,..\dataset\style_extra\streetwear\jacket\streetwear_jacket_extra_001.png,streetwear_jacket_extra_001.png,streetwear,3,,streetwear,3,0.6419170498847961,sporty,0.22341777384281158,0.41849927604198456,0.4432961940765381,True,0.11133428,0.023330951,0.22341777,0.64191705,False,False,False,False,True,False
style_extra,style_extra,..\dataset\style_extra\streetwear\jacket\streetwear_jacket_extra_002.png,streetwear_jacket_extra_002.png,streetwear,3,,sporty,2,0.5119150280952454,streetwear,0.40806543827056885,0.10384958982467651,0.8963277339935303,False,0.0725379,0.00748169,0.511915,0.40806544,True,False,True,True,True,True
style_extra,style_extra,..\dataset\style_extra\streetwear\jacket\streetwear_jacket_extra_003.png,streetwear_jacket_extra_003.png,streetwear,3,,streetwear,3,0.6386300921440125,sporty,0.24472114443778992,0.39390894770622253,0.4484298825263977,True,0.106126554,0.010522193,0.24472114,0.6386301,False,False,False,False,True,False
style_extra,style_extra,..\dataset\style_extra\streetwear\jacket\streetwear_jacket_extra_004.png,streetwear_jacket_extra_004.png,streetwear,3,,streetwear,3,0.6825941205024719,sporty,0.2353779524564743,0.4472161680459976,0.3818548619747162,True,0.07317679,0.008851116,0.23537795,0.6825941,False,False,False,False,True,False
style_extra,style_extra,..\dataset\style_extra\streetwear\jacket\streetwear_jacket_extra_005.png,streetwear_jacket_extra_005.png,streetwear,3,,streetwear,3,0.6439496874809265,formal,0.2235497534275055,0.420399934053421,0.4401346445083618,True,0.22354975,0.06503258,0.0674679,0.6439497,False,False,False,False,True,False
style_extra,style_extra,..\dataset\style_extra\streetwear\jacket\streetwear_jacket_extra_006.png,streetwear_jacket_extra_006.png,streetwear,3,,streetwear,3,0.5245012640953064,formal,0.3218109905719757,0.2026902735233307,0.6453074216842651,True,0.321811,0.015771184,0.13791658,0.52450126,False,False,False,True,True,True
style_extra,style_extra,..\dataset\style_extra\streetwear\jacket\streetwear_jacket_extra_007.png,streetwear_jacket_extra_007.png,streetwear,3,,formal,0,0.5280395150184631,gothic,0.23941053450107574,0.2886289805173874,1.8446122407913208,False,0.5280395,0.23941053,0.07446336,0.1580866,True,True,False,True,False,False
style_extra,style_extra,..\dataset\style_extra\streetwear\jacket\streetwear_jacket_extra_008.png,streetwear_jacket_extra_008.png,streetwear,3,,streetwear,3,0.6954200863838196,sporty,0.14360804855823517,0.5518120378255844,0.3632391393184662,True,0.09058852,0.070383325,0.14360805,0.6954201,False,False,False,False,True,False
style_extra,style_extra,..\dataset\style_extra\streetwear\jacket\streetwear_jacket_extra_009.png,streetwear_jacket_extra_009.png,streetwear,3,,formal,0,0.37728869915008545,streetwear,0.23718740046024323,0.14010129868984222,1.4389047622680664,False,0.3772887,0.1563131,0.22921078,0.2371874,True,True,True,True,True,True
style_extra,style_extra,..\dataset\style_extra\streetwear\jacket\streetwear_jacket_extra_010.png,streetwear_jacket_extra_010.png,streetwear,3,,streetwear,3,0.8989838361740112,sporty,0.046137649565935135,0.8528461866080761,0.10649020969867706,True,0.040975064,0.013903399,0.04613765,0.89898384,False,False,False,False,True,False
style_extra,style_extra,..\dataset\style_extra\streetwear\jacket\streetwear_jacket_extra_011.png,streetwear_jacket_extra_011.png,streetwear,3,,formal,0,0.4513722062110901,streetwear,0.37492820620536804,0.07644400000572205,0.9810206890106201,False,0.4513722,0.0355478,0.13815174,0.3749282,True,False,True,True,True,True
style_extra,style_extra,..\dataset\style_extra\streetwear\jacket\streetwear_jacket_extra_012.png,streetwear_jacket_extra_012.png,streetwear,3,,streetwear,3,0.5045598149299622,gothic,0.42535972595214844,0.07920008897781372,0.6840688586235046,True,0.045441568,0.42535973,0.024638861,0.5045598,False,False,True,True,True,True
style_extra,style_extra,..\dataset\style_extra\streetwear\jacket\streetwear_jacket_extra_013.png,streetwear_jacket_extra_013.png,streetwear,3,,streetwear,3,0.8996091485023499,formal,0.04918687418103218,0.8504222743213177,0.10579487681388855,True,0.049186874,0.011174153,0.040029824,0.89960915,False,False,False,False,True,False
style_extra,style_extra,..\dataset\style_extra\streetwear\jacket\streetwear_jacket_extra_014.png,streetwear_jacket_extra_014.png,streetwear,3,,streetwear,3,0.9500282406806946,sporty,0.039337534457445145,0.9106907062232494,0.05126354470849037,True,0.004085128,0.0065490236,0.039337534,0.95002824,False,False,False,False,True,False
style_extra,style_extra,..\dataset\style_extra\streetwear\jacket\streetwear_jacket_extra_015.png,streetwear_jacket_extra_015.png,streetwear,3,,streetwear,3,0.7449682950973511,formal,0.14054059982299805,0.604427695274353,0.29441362619400024,True,0.1405406,0.040413573,0.074077524,0.7449683,False,False,False,False,True,False
style_extra,style_extra,..\dataset\style_extra\streetwear\pants\streetwear_pants_extra_001.png,streetwear_pants_extra_001.png,streetwear,3,,streetwear,3,0.6371214389801025,sporty,0.23172079026699066,0.4054006487131119,0.4507949948310852,True,0.0741455,0.057012238,0.23172079,0.63712144,False,False,False,False,True,False
style_extra,style_extra,..\dataset\style_extra\streetwear\pants\streetwear_pants_extra_002.png,streetwear_pants_extra_002.png,streetwear,3,,streetwear,3,0.6285880208015442,sporty,0.26701614260673523,0.36157187819480896,0.4642791748046875,True,0.05277441,0.051621374,0.26701614,0.628588,False,False,False,False,True,False
style_extra,style_extra,..\dataset\style_extra\streetwear\pants\streetwear_pants_extra_003.png,streetwear_pants_extra_003.png,streetwear,3,,streetwear,3,0.9060060977935791,sporty,0.06680624186992645,0.8391998559236526,0.09870925545692444,True,0.01645649,0.010731216,0.06680624,0.9060061,False,False,False,False,True,False
style_extra,style_extra,..\dataset\style_extra\streetwear\pants\streetwear_pants_extra_004.png,streetwear_pants_extra_004.png,streetwear,3,,streetwear,3,0.816543698310852,gothic,0.06849721819162369,0.7480464801192284,0.20267486572265625,True,0.050990608,0.06849722,0.06396857,0.8165437,False,False,False,False,True,False
style_extra,style_extra,..\dataset\style_extra\streetwear\pants\streetwear_pants_extra_005.png,streetwear_pants_extra_005.png,streetwear,3,,streetwear,3,0.7227919697761536,sporty,0.12899935245513916,0.5937926173210144,0.32463380694389343,True,0.07383306,0.07437564,0.12899935,0.72279197,False,False,False,False,True,False
style_extra,style_extra,..\dataset\style_extra\streetwear\pants\streetwear_pants_extra_006.png,streetwear_pants_extra_006.png,streetwear,3,,gothic,1,0.34349483251571655,streetwear,0.3182520866394043,0.025242745876312256,1.144911527633667,False,0.06037722,0.34349483,0.27787584,0.3182521,True,True,True,True,True,True
style_extra,style_extra,..\dataset\style_extra\streetwear\pants\streetwear_pants_extra_007.png,streetwear_pants_extra_007.png,streetwear,3,,streetwear,3,0.4634304344654083,sporty,0.4486995041370392,0.01473093032836914,0.7690989971160889,True,0.07666739,0.011202694,0.4486995,0.46343043,False,False,True,True,True,True
style_extra,style_extra,..\dataset\style_extra\streetwear\pants\streetwear_pants_extra_008.png,streetwear_pants_extra_008.png,streetwear,3,,streetwear,3,0.5977944731712341,sporty,0.27224382758140564,0.3255506455898285,0.5145082473754883,True,0.10563288,0.024328794,0.27224383,0.5977945,False,False,False,True,True,True
style_extra,style_extra,..\dataset\style_extra\streetwear\pants\streetwear_pants_extra_009.png,streetwear_pants_extra_009.png,streetwear,3,,sporty,2,0.48638150095939636,streetwear,0.40214017033576965,0.08424133062362671,0.9109545946121216,False,0.07542306,0.036055263,0.4863815,0.40214017,True,False,True,True,True,True
style_extra,style_extra,..\dataset\style_extra\streetwear\pants\streetwear_pants_extra_010.png,streetwear_pants_extra_010.png,streetwear,3,,streetwear,3,0.4370467960834503,sporty,0.311728835105896,0.12531796097755432,0.8277150392532349,True,0.14414068,0.107083745,0.31172884,0.4370468,False,False,True,True,True,True
style_extra,style_extra,..\dataset\style_extra\streetwear\pants\streetwear_pants_extra_011.png,streetwear_pants_extra_011.png,streetwear,3,,streetwear,3,0.5940811634063721,formal,0.23184266686439514,0.36223849654197693,0.5207393169403076,True,0.23184267,0.0065796115,0.16749658,0.59408116,False,False,False,True,True,True
style_extra,style_extra,..\dataset\style_extra\streetwear\pants\streetwear_pants_extra_012.png,streetwear_pants_extra_012.png,streetwear,3,,streetwear,3,0.4860241115093231,sporty,0.2233026623725891,0.262721449136734,0.7214970588684082,True,0.10640613,0.18426709,0.22330266,0.4860241,False,False,False,True,True,True
style_extra,style_extra,..\dataset\style_extra\streetwear\pants\streetwear_pants_extra_013.png,streetwear_pants_extra_013.png,streetwear,3,,streetwear,3,0.40900224447250366,sporty,0.27076831459999084,0.13823392987251282,0.8940346837043762,True,0.22863175,0.09159773,0.2707683,0.40900224,False,False,True,True,True,True
style_extra,style_extra,..\dataset\style_extra\streetwear\pants\streetwear_pants_extra_014.png,streetwear_pants_extra_014.png,streetwear,3,,streetwear,3,0.6023605465888977,gothic,0.3395250141620636,0.2628355324268341,0.5068991184234619,True,0.0208561,0.339525,0.037258256,0.60236055,False,False,False,False,True,False
style_extra,style_extra,..\dataset\style_extra\streetwear\pants\streetwear_pants_extra_015.png,streetwear_pants_extra_015.png,streetwear,3,,streetwear,3,0.7743915319442749,sporty,0.1420442759990692,0.6323472559452057,0.2556776702404022,True,0.08012419,0.003439997,0.14204428,0.77439153,False,False,False,False,True,False
style_extra,style_extra,..\dataset\style_extra\streetwear\shoes\streetwear_shoes_extra_001.png,streetwear_shoes_extra_001.png,streetwear,3,,streetwear,3,0.6031185388565063,sporty,0.2522224187850952,0.35089612007141113,0.505641520023346,True,0.07993496,0.06472409,0.25222242,0.60311854,False,False,False,False,True,False
style_extra,style_extra,..\dataset\style_extra\streetwear\shoes\streetwear_shoes_extra_002.png,streetwear_shoes_extra_002.png,streetwear,3,,streetwear,3,0.4514625668525696,sporty,0.33759814500808716,0.11386442184448242,0.7952628135681152,True,0.1963807,0.0145584885,0.33759815,0.45146257,False,False,True,True,True,True
style_extra,style_extra,..\dataset\style_extra\streetwear\shoes\streetwear_shoes_extra_003.png,streetwear_shoes_extra_003.png,streetwear,3,,streetwear,3,0.48030248284339905,gothic,0.2653997540473938,0.21490272879600525,0.7333391904830933,True,0.13918795,0.26539975,0.11510971,0.48030248,False,False,False,True,True,True
style_extra,style_extra,..\dataset\style_extra\streetwear\shoes\streetwear_shoes_extra_004.png,streetwear_shoes_extra_004.png,streetwear,3,,streetwear,3,0.4407307505607605,gothic,0.32074975967407227,0.11998099088668823,0.8193211555480957,True,0.07361974,0.32074976,0.1648998,0.44073075,False,False,True,True,True,True
style_extra,style_extra,..\dataset\style_extra\streetwear\shoes\streetwear_shoes_extra_005.png,streetwear_shoes_extra_005.png,streetwear,3,,streetwear,3,0.45111432671546936,formal,0.3009680211544037,0.15014630556106567,0.7960344552993774,True,0.30096802,0.041603766,0.20631394,0.45111433,False,False,True,True,True,True
style_extra,style_extra,..\dataset\style_extra\streetwear\shoes\streetwear_shoes_extra_006.png,streetwear_shoes_extra_006.png,streetwear,3,,streetwear,3,0.5049014687538147,formal,0.31568750739097595,0.18921396136283875,0.6833919286727905,True,0.3156875,0.08189805,0.097512946,0.50490147,False,False,True,True,True,True
style_extra,style_extra,..\dataset\style_extra\streetwear\shoes\streetwear_shoes_extra_007.png,streetwear_shoes_extra_007.png,streetwear,3,,streetwear,3,0.4704624116420746,formal,0.2679697871208191,0.2024926245212555,0.7540392279624939,True,0.2679698,0.043516602,0.2180513,0.4704624,False,False,False,True,True,True
style_extra,style_extra,..\dataset\style_extra\streetwear\shoes\streetwear_shoes_extra_008.png,streetwear_shoes_extra_008.png,streetwear,3,,streetwear,3,0.522436797618866,formal,0.26498448848724365,0.2574523091316223,0.6492512226104736,True,0.2649845,0.065689296,0.14688937,0.5224368,False,False,False,True,True,True
style_extra,style_extra,..\dataset\style_extra\streetwear\shoes\streetwear_shoes_extra_009.png,streetwear_shoes_extra_009.png,streetwear,3,,streetwear,3,0.8914351463317871,sporty,0.05041323974728584,0.8410219065845013,0.11492259055376053,True,0.017522339,0.040629305,0.05041324,0.89143515,False,False,False,False,True,False
style_extra,style_extra,..\dataset\style_extra\streetwear\shoes\streetwear_shoes_extra_010.png,streetwear_shoes_extra_010.png,streetwear,3,,streetwear,3,0.6881939172744751,sporty,0.1645129919052124,0.5236809253692627,0.3736846446990967,True,0.1080056,0.039287567,0.16451299,0.6881939,False,False,False,False,True,False
style_extra,style_extra,..\dataset\style_extra\streetwear\shoes\streetwear_shoes_extra_011.png,streetwear_shoes_extra_011.png,streetwear,3,,formal,0,0.38689106702804565,sporty,0.3511560559272766,0.03573501110076904,1.3814465999603271,False,0.38689107,0.010738005,0.35115606,0.25121486,True,True,True,True,False,False
style_extra,style_extra,..\dataset\style_extra\streetwear\shoes\streetwear_shoes_extra_012.png,streetwear_shoes_extra_012.png,streetwear,3,,streetwear,3,0.8198990225791931,sporty,0.0775136947631836,0.7423853278160095,0.19857412576675415,True,0.07667402,0.025913296,0.077513695,0.819899,False,False,False,False,True,False
style_extra,style_extra,..\dataset\style_extra\streetwear\shoes\streetwear_shoes_extra_013.png,streetwear_shoes_extra_013.png,streetwear,3,,sporty,2,0.41544049978256226,streetwear,0.3833678066730499,0.03207269310951233,0.9587603807449341,False,0.044826645,0.15636508,0.4154405,0.3833678,True,False,True,True,True,True
style_extra,style_extra,..\dataset\style_extra\streetwear\shoes\streetwear_shoes_extra_014.png,streetwear_shoes_extra_014.png,streetwear,3,,streetwear,3,0.5344116687774658,sporty,0.4410884976387024,0.09332317113876343,0.626588761806488,True,0.009012823,0.015486996,0.4410885,0.53441167,False,False,True,True,True,True
style_extra,style_extra,..\dataset\style_extra\streetwear\shoes\streetwear_shoes_extra_015.png,streetwear_shoes_extra_015.png,streetwear,3,,streetwear,3,0.5518050789833069,formal,0.3478001058101654,0.20400497317314148,0.594560444355011,True,0.3478001,0.011190913,0.0892039,0.5518051,False,False,False,True,True,True
style_extra,style_extra,..\dataset\style_extra\streetwear\tshirt\streetwear_tshirt_extra_001.png,streetwear_tshirt_extra_001.png,streetwear,3,,streetwear,3,0.9554092884063721,sporty,0.03726229816675186,0.9181469902396202,0.04561547935009003,True,0.006957919,0.00037044284,0.0372623,0.9554093,False,False,False,False,True,False
style_extra,style_extra,..\dataset\style_extra\streetwear\tshirt\streetwear_tshirt_extra_002.png,streetwear_tshirt_extra_002.png,streetwear,3,,streetwear,3,0.8816465735435486,gothic,0.056515999138355255,0.8251305744051933,0.1259640008211136,True,0.012880366,0.056516,0.048957106,0.8816466,False,False,False,False,True,False
style_extra,style_extra,..\dataset\style_extra\streetwear\tshirt\streetwear_tshirt_extra_003.png,streetwear_tshirt_extra_003.png,streetwear,3,,streetwear,3,0.5794621109962463,sporty,0.32312071323394775,0.2563413977622986,0.5456549525260925,True,0.09129438,0.0061227977,0.3231207,0.5794621,False,False,False,True,True,True
style_extra,style_extra,..\dataset\style_extra\streetwear\tshirt\streetwear_tshirt_extra_004.png,streetwear_tshirt_extra_004.png,streetwear,3,,streetwear,3,0.701387345790863,sporty,0.223712757229805,0.47767458856105804,0.35469499230384827,True,0.06334085,0.011559065,0.22371276,0.70138735,False,False,False,False,True,False
style_extra,style_extra,..\dataset\style_extra\streetwear\tshirt\streetwear_tshirt_extra_005.png,streetwear_tshirt_extra_005.png,streetwear,3,,streetwear,3,0.7387405633926392,sporty,0.1499774158000946,0.5887631475925446,0.3028084933757782,True,0.084215686,0.027066328,0.14997742,0.73874056,False,False,False,False,True,False
style_extra,style_extra,..\dataset\style_extra\streetwear\tshirt\streetwear_tshirt_extra_006.png,streetwear_tshirt_extra_006.png,streetwear,3,,streetwear,3,0.8594255447387695,sporty,0.10712370276451111,0.7523018419742584,0.15149106085300446,True,0.027154965,0.0062957318,0.1071237,0.85942554,False,False,False,False,True,False
style_extra,style_extra,..\dataset\style_extra\streetwear\tshirt\streetwear_tshirt_extra_007.png,streetwear_tshirt_extra_007.png,streetwear,3,,streetwear,3,0.5810830593109131,sporty,0.3962932527065277,0.18478980660438538,0.5428615808486938,True,0.014189229,0.0084344335,0.39629325,0.58108306,False,False,True,True,True,True
style_extra,style_extra,..\dataset\style_extra\streetwear\tshirt\streetwear_tshirt_extra_008.png,streetwear_tshirt_extra_008.png,streetwear,3,,streetwear,3,0.7917400598526001,sporty,0.17392201721668243,0.6178180426359177,0.23352213203907013,True,0.032615658,0.0017221691,0.17392202,0.79174006,False,False,False,False,True,False
style_extra,style_extra,..\dataset\style_extra\streetwear\tshirt\streetwear_tshirt_extra_009.png,streetwear_tshirt_extra_009.png,streetwear,3,,streetwear,3,0.7906794548034668,sporty,0.14400655031204224,0.6466729044914246,0.23486259579658508,True,0.060383093,0.004930797,0.14400655,0.79067945,False,False,False,False,True,False
style_extra,style_extra,..\dataset\style_extra\streetwear\tshirt\streetwear_tshirt_extra_010.png,streetwear_tshirt_extra_010.png,streetwear,3,,streetwear,3,0.6412620544433594,sporty,0.21726468205451965,0.4239973723888397,0.444317102432251,True,0.13761388,0.003859363,0.21726468,0.64126205,False,False,False,False,True,False
style_extra,style_extra,..\dataset\style_extra\streetwear\tshirt\streetwear_tshirt_extra_011.png,streetwear_tshirt_extra_011.png,streetwear,3,,streetwear,3,0.8553218841552734,sporty,0.07815755158662796,0.7771643325686455,0.1562773883342743,True,0.05649049,0.01003005,0.07815755,0.8553219,False,False,False,False,True,False
style_extra,style_extra,..\dataset\style_extra\streetwear\tshirt\streetwear_tshirt_extra_012.png,streetwear_tshirt_extra_012.png,streetwear,3,,streetwear,3,0.9569436311721802,sporty,0.027034664526581764,0.9299089666455984,0.04401079937815666,True,0.012251489,0.0037701896,0.027034665,0.95694363,False,False,False,False,True,False
style_extra,style_extra,..\dataset\style_extra\streetwear\tshirt\streetwear_tshirt_extra_013.png,streetwear_tshirt_extra_013.png,streetwear,3,,streetwear,3,0.660919189453125,gothic,0.16190336644649506,0.49901582300662994,0.41412368416786194,True,0.058898408,0.16190337,0.11827897,0.6609192,False,False,False,False,True,False
style_extra,style_extra,..\dataset\style_extra\streetwear\tshirt\streetwear_tshirt_extra_014.png,streetwear_tshirt_extra_014.png,streetwear,3,,streetwear,3,0.9036543369293213,sporty,0.05654888227581978,0.8471054546535015,0.10130834579467773,True,0.010258233,0.029538618,0.056548882,0.90365434,False,False,False,False,True,False
style_extra,style_extra,..\dataset\style_extra\streetwear\tshirt\streetwear_tshirt_extra_015.png,streetwear_tshirt_extra_015.png,streetwear,3,,streetwear,3,0.8894792199134827,sporty,0.09634948521852493,0.7931297346949577,0.11711916327476501,True,0.009866339,0.004304962,0.096349485,0.8894792,False,False,False,False,True,False
real_world_test,real_world_test,..\dataset\real_world_test\formal\jacket\formal_jacket_rw_001.png,formal_jacket_rw_001.png,formal,0,jacket,formal,0,0.7434809803962708,streetwear,0.12994271516799927,0.6135382652282715,0.2964121103286743,True,0.743481,0.021717172,0.10485918,0.12994272,False,False,False,False,True,False
real_world_test,real_world_test,..\dataset\real_world_test\formal\jacket\formal_jacket_rw_002.png,formal_jacket_rw_002.png,formal,0,jacket,formal,0,0.9083964824676514,sporty,0.051052503287792206,0.8573439791798592,0.09607436507940292,True,0.9083965,0.011564362,0.051052503,0.028986592,False,False,False,False,False,False
real_world_test,real_world_test,..\dataset\real_world_test\formal\jacket\formal_jacket_rw_003.png,formal_jacket_rw_003.png,formal,0,jacket,streetwear,3,0.33844754099845886,formal,0.3319202661514282,0.00652727484703064,1.102860450744629,False,0.33192027,0.18821211,0.1414201,0.33844754,True,True,True,True,True,True
real_world_test,real_world_test,..\dataset\real_world_test\formal\jacket\formal_jacket_rw_004.png,formal_jacket_rw_004.png,formal,0,jacket,formal,0,0.6574153304100037,streetwear,0.1942937672138214,0.46312156319618225,0.41943925619125366,True,0.65741533,0.012787115,0.1355038,0.19429377,False,False,False,False,True,False
real_world_test,real_world_test,..\dataset\real_world_test\formal\jacket\formal_jacket_rw_005.png,formal_jacket_rw_005.png,formal,0,jacket,formal,0,0.8282896876335144,sporty,0.08569442480802536,0.742595262825489,0.18839234113693237,True,0.8282897,0.007961255,0.085694425,0.078054704,False,False,False,False,False,False
real_world_test,real_world_test,..\dataset\real_world_test\formal\pants\formal_pants_rw_001.png,formal_pants_rw_001.png,formal,0,pants,formal,0,0.8087937235832214,sporty,0.1217101514339447,0.6870835721492767,0.21221137046813965,True,0.8087937,0.0021404978,0.12171015,0.06735553,False,False,False,False,False,False
real_world_test,real_world_test,..\dataset\real_world_test\formal\pants\formal_pants_rw_002.png,formal_pants_rw_002.png,formal,0,pants,sporty,2,0.5629564523696899,formal,0.26848554611206055,0.2944709062576294,1.3149582147598267,False,0.26848555,0.007435314,0.56295645,0.1611227,True,True,False,True,False,False
real_world_test,real_world_test,..\dataset\real_world_test\formal\pants\formal_pants_rw_003.png,formal_pants_rw_003.png,formal,0,pants,formal,0,0.4034939110279083,streetwear,0.39113691449165344,0.012356996536254883,0.907593846321106,True,0.4034939,0.009074572,0.19629459,0.3911369,False,False,True,True,True,True
real_world_test,real_world_test,..\dataset\real_world_test\formal\pants\formal_pants_rw_004.png,formal_pants_rw_004.png,formal,0,pants,formal,0,0.81148362159729,sporty,0.08765757828950882,0.7238260433077812,0.20889107882976532,True,0.8114836,0.013972837,0.08765758,0.086885944,False,False,False,False,False,False
real_world_test,real_world_test,..\dataset\real_world_test\formal\pants\formal_pants_rw_005.png,formal_pants_rw_005.png,formal,0,pants,formal,0,0.7038094997406006,sporty,0.17699146270751953,0.526818037033081,0.3512475788593292,True,0.7038095,0.006156746,0.17699146,0.113042265,False,False,False,False,False,False
real_world_test,real_world_test,..\dataset\real_world_test\formal\shoes\formal_shoes_rw_001.png,formal_shoes_rw_001.png,formal,0,shoes,formal,0,0.5553203225135803,gothic,0.34104442596435547,0.21427589654922485,0.5882102251052856,True,0.5553203,0.34104443,0.085244186,0.018391116,False,False,False,True,False,False
real_world_test,real_world_test,..\dataset\real_world_test\formal\shoes\formal_shoes_rw_002.png,formal_shoes_rw_002.png,formal,0,shoes,formal,0,0.36665722727775574,sporty,0.323106050491333,0.04355117678642273,1.0033278465270996,True,0.36665723,0.17690006,0.32310605,0.13333663,False,False,True,True,False,False
real_world_test,real_world_test,..\dataset\real_world_test\formal\shoes\formal_shoes_rw_003.png,formal_shoes_rw_003.png,formal,0,shoes,formal,0,0.867007315158844,gothic,0.11027442663908005,0.756732888519764,0.14270785450935364,True,0.8670073,0.11027443,0.015384493,0.0073337527,False,False,False,False,False,False
real_world_test,real_world_test,..\dataset\real_world_test\formal\shoes\formal_shoes_rw_004.png,formal_shoes_rw_004.png,formal,0,shoes,formal,0,0.8880303502082825,gothic,0.053426653146743774,0.8346036970615387,0.11874938011169434,True,0.88803035,0.053426653,0.03219605,0.026346903,False,False,False,False,False,False
real_world_test,real_world_test,..\dataset\real_world_test\formal\shoes\formal_shoes_rw_005.png,formal_shoes_rw_005.png,formal,0,shoes,formal,0,0.6940951943397522,sporty,0.18590956926345825,0.508185625076294,0.3651461899280548,True,0.6940952,0.038229335,0.18590957,0.081765935,False,False,False,False,False,False
real_world_test,real_world_test,..\dataset\real_world_test\formal\tshirt\formal_tshirt_rw_001.png,formal_tshirt_rw_001.png,formal,0,tshirt,sporty,2,0.47618067264556885,formal,0.32214704155921936,0.1540336310863495,1.1327471733093262,False,0.32214704,0.09337038,0.47618067,0.10830192,True,True,True,True,False,False
real_world_test,real_world_test,..\dataset\real_world_test\formal\tshirt\formal_tshirt_rw_002.png,formal_tshirt_rw_002.png,formal,0,tshirt,streetwear,3,0.4295332431793213,formal,0.28844788670539856,0.14108535647392273,1.2432409524917603,False,0.2884479,0.034695357,0.2473235,0.42953324,True,True,True,True,True,True
real_world_test,real_world_test,..\dataset\real_world_test\formal\tshirt\formal_tshirt_rw_003.png,formal_tshirt_rw_003.png,formal,0,tshirt,streetwear,3,0.37669333815574646,formal,0.3058774769306183,0.07081586122512817,1.1845707893371582,False,0.30587748,0.026724882,0.2907043,0.37669334,True,True,True,True,True,True
real_world_test,real_world_test,..\dataset\real_world_test\formal\tshirt\formal_tshirt_rw_004.png,formal_tshirt_rw_004.png,formal,0,tshirt,formal,0,0.35959821939468384,sporty,0.33788156509399414,0.021716654300689697,1.0227679014205933,True,0.35959822,0.016092254,0.33788157,0.286428,False,False,True,True,False,False
real_world_test,real_world_test,..\dataset\real_world_test\formal\tshirt\formal_tshirt_rw_005.png,formal_tshirt_rw_005.png,formal,0,tshirt,sporty,2,0.5262129306793213,streetwear,0.2937454581260681,0.23246747255325317,1.9030780792236328,False,0.14910893,0.030932691,0.52621293,0.29374546,True,True,False,True,True,True
real_world_test,real_world_test,..\dataset\real_world_test\gothic\jacket\gothic_jacket_rw_001.png,gothic_jacket_rw_001.png,gothic,1,jacket,gothic,1,0.8182374238967896,streetwear,0.0994492769241333,0.7187881469726562,0.2006026953458786,True,0.05710401,0.8182374,0.025209231,0.09944928,False,False,False,False,True,False
real_world_test,real_world_test,..\dataset\real_world_test\gothic\jacket\gothic_jacket_rw_002.png,gothic_jacket_rw_002.png,gothic,1,jacket,gothic,1,0.6061248779296875,formal,0.1540653109550476,0.4520595669746399,0.5006693005561829,True,0.15406531,0.6061249,0.11678916,0.12302066,False,False,False,False,False,False
real_world_test,real_world_test,..\dataset\real_world_test\gothic\jacket\gothic_jacket_rw_003.png,gothic_jacket_rw_003.png,gothic,1,jacket,formal,0,0.3559640049934387,streetwear,0.3232317566871643,0.032732248306274414,2.4620747566223145,False,0.355964,0.08525788,0.2355464,0.32323176,True,True,True,True,True,True
real_world_test,real_world_test,..\dataset\real_world_test\gothic\jacket\gothic_jacket_rw_004.png,gothic_jacket_rw_004.png,gothic,1,jacket,formal,0,0.3353118598461151,sporty,0.24856559932231903,0.08674626052379608,1.5451633930206299,False,0.33531186,0.21327701,0.2485656,0.20284553,True,True,True,True,False,False
real_world_test,real_world_test,..\dataset\real_world_test\gothic\jacket\gothic_jacket_rw_005.png,gothic_jacket_rw_005.png,gothic,1,jacket,gothic,1,0.548826277256012,formal,0.2283116579055786,0.32051461935043335,0.5999733209609985,True,0.22831166,0.5488263,0.057470467,0.16539162,False,False,False,True,False,False
real_world_test,real_world_test,..\dataset\real_world_test\gothic\pants\gothic_pants_rw_001.png,gothic_pants_rw_001.png,gothic,1,pants,gothic,1,0.4295786917209625,streetwear,0.2823575735092163,0.14722111821174622,0.8449503779411316,True,0.1378173,0.4295787,0.15024649,0.28235757,False,False,True,True,True,True
real_world_test,real_world_test,..\dataset\real_world_test\gothic\pants\gothic_pants_rw_002.png,gothic_pants_rw_002.png,gothic,1,pants,gothic,1,0.9541753530502319,streetwear,0.021600518375635147,0.9325748346745968,0.04690779373049736,True,0.010201979,0.95417535,0.014022192,0.021600518,False,False,False,False,True,False
real_world_test,real_world_test,..\dataset\real_world_test\gothic\pants\gothic_pants_rw_003.png,gothic_pants_rw_003.png,gothic,1,pants,gothic,1,0.3448074162006378,streetwear,0.3030298054218292,0.041777610778808594,1.0647692680358887,True,0.22608943,0.34480742,0.12607336,0.3030298,False,True,True,True,True,True
real_world_test,real_world_test,..\dataset\real_world_test\gothic\pants\gothic_pants_rw_004.png,gothic_pants_rw_004.png,gothic,1,pants,gothic,1,0.842109739780426,formal,0.06726076453924179,0.7748489752411842,0.171844944357872,True,0.067260765,0.84210974,0.036833283,0.053796295,False,False,False,False,False,False
real_world_test,real_world_test,..\dataset\real_world_test\gothic\pants\gothic_pants_rw_005.png,gothic_pants_rw_005.png,gothic,1,pants,gothic,1,0.5672578811645508,streetwear,0.32189223170280457,0.24536564946174622,0.5669412612915039,True,0.06502392,0.5672579,0.045825917,0.32189223,False,False,False,True,True,True
real_world_test,real_world_test,..\dataset\real_world_test\gothic\shoes\gothic_shoes_rw_001.png,gothic_shoes_rw_001.png,gothic,1,shoes,gothic,1,0.7410562634468079,streetwear,0.1320624053478241,0.6089938580989838,0.2996787130832672,True,0.09756067,0.74105626,0.029320646,0.1320624,False,False,False,False,True,False
real_world_test,real_world_test,..\dataset\real_world_test\gothic\shoes\gothic_shoes_rw_002.png,gothic_shoes_rw_002.png,gothic,1,shoes,streetwear,3,0.6916472911834717,gothic,0.19419048726558685,0.4974568039178848,1.6389156579971313,False,0.017362509,0.19419049,0.09679979,0.6916473,True,True,False,False,True,True
real_world_test,real_world_test,..\dataset\real_world_test\gothic\shoes\gothic_shoes_rw_003.png,gothic_shoes_rw_003.png,gothic,1,shoes,gothic,1,0.8403975367546082,streetwear,0.09843739867210388,0.7419601380825043,0.1738802194595337,True,0.042375114,0.84039754,0.018789915,0.0984374,False,False,False,False,True,False
real_world_test,real_world_test,..\dataset\real_world_test\gothic\shoes\gothic_shoes_rw_004.png,gothic_shoes_rw_004.png,gothic,1,shoes,gothic,1,0.9693147540092468,streetwear,0.017950357869267464,0.9513643961399794,0.03116588108241558,True,0.01193026,0.96931475,0.0008046549,0.017950358,False,False,False,False,True,False
real_world_test,real_world_test,..\dataset\real_world_test\gothic\shoes\gothic_shoes_rw_005.png,gothic_shoes_rw_005.png,gothic,1,shoes,gothic,1,0.9229631423950195,formal,0.056539930403232574,0.866423211991787,0.08016598224639893,True,0.05653993,0.92296314,0.007520494,0.012976478,False,False,False,False,False,False
real_world_test,real_world_test,..\dataset\real_world_test\gothic\tshirt\gothic_tshirt_rw_001.png,gothic_tshirt_rw_001.png,gothic,1,tshirt,streetwear,3,0.7281699776649475,sporty,0.11568740755319595,0.6124825701117516,2.345348834991455,False,0.06032889,0.095813766,0.11568741,0.72817,True,True,False,False,True,True
real_world_test,real_world_test,..\dataset\real_world_test\gothic\tshirt\gothic_tshirt_rw_002.png,gothic_tshirt_rw_002.png,gothic,1,tshirt,streetwear,3,0.8214603066444397,formal,0.08306724578142166,0.738393060863018,3.8245694637298584,False,0.083067246,0.021827832,0.07364458,0.8214603,True,True,False,False,True,True
real_world_test,real_world_test,..\dataset\real_world_test\gothic\tshirt\gothic_tshirt_rw_003.png,gothic_tshirt_rw_003.png,gothic,1,tshirt,sporty,2,0.5030335783958435,streetwear,0.321514755487442,0.1815188229084015,2.010164260864258,False,0.04148497,0.13396668,0.5030336,0.32151476,True,True,True,True,True,True
real_world_test,real_world_test,..\dataset\real_world_test\gothic\tshirt\gothic_tshirt_rw_004.png,gothic_tshirt_rw_004.png,gothic,1,tshirt,streetwear,3,0.536688506603241,formal,0.3167276978492737,0.21996080875396729,3.9653024673461914,False,0.3167277,0.018962298,0.12762149,0.5366885,True,True,False,True,True,True
real_world_test,real_world_test,..\dataset\real_world_test\gothic\tshirt\gothic_tshirt_rw_005.png,gothic_tshirt_rw_005.png,gothic,1,tshirt,gothic,1,0.6697872281074524,streetwear,0.2563849091529846,0.4134023189544678,0.40079519152641296,True,0.059158787,0.6697872,0.014669143,0.2563849,False,False,False,False,True,False
real_world_test,real_world_test,..\dataset\real_world_test\sporty\jacket\sporty_jacket_rw_001.png,sporty_jacket_rw_001.png,sporty,2,jacket,formal,0,0.349811315536499,gothic,0.29242995381355286,0.05738136172294617,2.045072078704834,False,0.34981132,0.29242995,0.12937087,0.22838792,True,True,True,True,False,False
real_world_test,real_world_test,..\dataset\real_world_test\sporty\jacket\sporty_jacket_rw_002.png,sporty_jacket_rw_002.png,sporty,2,jacket,streetwear,3,0.41041722893714905,formal,0.38457590341567993,0.025841325521469116,1.6809475421905518,False,0.3845759,0.01880931,0.18619747,0.41041723,True,True,True,True,True,True
real_world_test,real_world_test,..\dataset\real_world_test\sporty\jacket\sporty_jacket_rw_003.png,sporty_jacket_rw_003.png,sporty,2,jacket,formal,0,0.5144026875495911,streetwear,0.22377192974090576,0.2906307578086853,2.2167739868164062,False,0.5144027,0.15286537,0.108960055,0.22377193,True,True,False,True,True,True
real_world_test,real_world_test,..\dataset\real_world_test\sporty\jacket\sporty_jacket_rw_004.png,sporty_jacket_rw_004.png,sporty,2,jacket,formal,0,0.35619473457336426,sporty,0.3480340838432312,0.008160650730133057,1.0554548501968384,False,0.35619473,0.18392397,0.34803408,0.11184725,True,True,True,True,False,False
real_world_test,real_world_test,..\dataset\real_world_test\sporty\jacket\sporty_jacket_rw_005.png,sporty_jacket_rw_005.png,sporty,2,jacket,formal,0,0.47416749596595764,sporty,0.44252556562423706,0.03164193034172058,0.8152570128440857,False,0.4741675,0.05621219,0.44252557,0.027094694,True,False,True,True,False,False
real_world_test,real_world_test,..\dataset\real_world_test\sporty\pants\sporty_pants_rw_001.png,sporty_pants_rw_001.png,sporty,2,pants,sporty,2,0.7147127389907837,formal,0.14559097588062286,0.5691217631101608,0.3358745574951172,True,0.14559098,0.041651588,0.71471274,0.09804465,False,False,False,False,False,False
real_world_test,real_world_test,..\dataset\real_world_test\sporty\pants\sporty_pants_rw_002.png,sporty_pants_rw_002.png,sporty,2,pants,sporty,2,0.2893950641155243,gothic,0.26883426308631897,0.020560801029205322,1.2399625778198242,True,0.17393713,0.26883426,0.28939506,0.2678335,False,True,True,True,True,True
real_world_test,real_world_test,..\dataset\real_world_test\sporty\pants\sporty_pants_rw_003.png,sporty_pants_rw_003.png,sporty,2,pants,formal,0,0.8213121294975281,streetwear,0.10581620782613754,0.7154959216713905,3.0887136459350586,False,0.8213121,0.027311135,0.04556052,0.10581621,True,True,False,False,True,True
real_world_test,real_world_test,..\dataset\real_world_test\sporty\pants\sporty_pants_rw_004.png,sporty_pants_rw_004.png,sporty,2,pants,sporty,2,0.4279886782169342,streetwear,0.3279361426830292,0.10005253553390503,0.848658561706543,True,0.24010661,0.0039686025,0.42798868,0.32793614,False,False,True,True,True,True
real_world_test,real_world_test,..\dataset\real_world_test\sporty\pants\sporty_pants_rw_005.png,sporty_pants_rw_005.png,sporty,2,pants,streetwear,3,0.8391717076301575,formal,0.11491771787405014,0.7242539897561073,3.145659923553467,False,0.11491772,0.0028720244,0.043038514,0.8391717,True,True,False,False,True,True
real_world_test,real_world_test,..\dataset\real_world_test\sporty\shoes\sporty_shoes_rw_001.png,sporty_shoes_rw_001.png,sporty,2,shoes,sporty,2,0.4815478026866913,streetwear,0.2993607819080353,0.182187020778656,0.730749785900116,True,0.20136642,0.017724989,0.4815478,0.29936078,False,False,True,True,True,True
real_world_test,real_world_test,..\dataset\real_world_test\sporty\shoes\sporty_shoes_rw_002.png,sporty_shoes_rw_002.png,sporty,2,shoes,streetwear,3,0.5283182263374329,sporty,0.35701271891593933,0.17130550742149353,1.0299838781356812,False,0.07775494,0.0369141,0.35701272,0.5283182,True,False,True,True,True,True
real_world_test,real_world_test,..\dataset\real_world_test\sporty\shoes\sporty_shoes_rw_003.png,sporty_shoes_rw_003.png,sporty,2,shoes,streetwear,3,0.7551973462104797,formal,0.11940507590770721,0.6357922703027725,2.157689094543457,False,0.119405076,0.009805617,0.11559194,0.75519735,True,True,False,False,True,True
real_world_test,real_world_test,..\dataset\real_world_test\sporty\shoes\sporty_shoes_rw_004.png,sporty_shoes_rw_004.png,sporty,2,shoes,sporty,2,0.7621725797653198,streetwear,0.16998882591724396,0.5921837538480759,0.2715822458267212,True,0.056690656,0.011147908,0.7621726,0.16998883,False,False,False,False,True,False
real_world_test,real_world_test,..\dataset\real_world_test\sporty\shoes\sporty_shoes_rw_005.png,sporty_shoes_rw_005.png,sporty,2,shoes,sporty,2,0.38605445623397827,streetwear,0.26877376437187195,0.11728069186210632,0.9517768621444702,True,0.24578424,0.099387564,0.38605446,0.26877376,False,False,True,True,True,True
real_world_test,real_world_test,..\dataset\real_world_test\sporty\tshirt\sporty_tshirt_rw_001.png,sporty_tshirt_rw_001.png,sporty,2,tshirt,sporty,2,0.6658940315246582,streetwear,0.21594922244548798,0.4499448090791702,0.4066247344017029,True,0.1113344,0.0068224194,0.66589403,0.21594922,False,False,False,False,True,False
real_world_test,real_world_test,..\dataset\real_world_test\sporty\tshirt\sporty_tshirt_rw_002.png,sporty_tshirt_rw_002.png,sporty,2,tshirt,formal,0,0.4735856354236603,sporty,0.3953206241130829,0.07826501131057739,0.9280582070350647,False,0.47358564,0.045250837,0.39532062,0.08584291,True,False,True,True,False,False
real_world_test,real_world_test,..\dataset\real_world_test\sporty\tshirt\sporty_tshirt_rw_003.png,sporty_tshirt_rw_003.png,sporty,2,tshirt,streetwear,3,0.34644338488578796,sporty,0.2954302132129669,0.051013171672821045,1.219322681427002,False,0.27145422,0.086672224,0.2954302,0.34644338,True,True,True,True,True,True
real_world_test,real_world_test,..\dataset\real_world_test\sporty\tshirt\sporty_tshirt_rw_004.png,sporty_tshirt_rw_004.png,sporty,2,tshirt,sporty,2,0.4947931468486786,streetwear,0.3993690311908722,0.0954241156578064,0.7036155462265015,True,0.04205952,0.06377834,0.49479315,0.39936903,False,False,True,True,True,True
real_world_test,real_world_test,..\dataset\real_world_test\sporty\tshirt\sporty_tshirt_rw_005.png,sporty_tshirt_rw_005.png,sporty,2,tshirt,sporty,2,0.5741227865219116,streetwear,0.18525876104831696,0.38886402547359467,0.5549119710922241,True,0.15258235,0.08803608,0.5741228,0.18525876,False,False,False,True,True,True
real_world_test,real_world_test,..\dataset\real_world_test\streetwear\jacket\streetwear_jacket_rw_001.png,streetwear_jacket_rw_001.png,streetwear,3,jacket,streetwear,3,0.5649640560150146,formal,0.3420850932598114,0.22287896275520325,0.5709931254386902,True,0.3420851,0.024156997,0.06879385,0.56496406,False,False,False,True,True,True
real_world_test,real_world_test,..\dataset\real_world_test\streetwear\jacket\streetwear_jacket_rw_002.png,streetwear_jacket_rw_002.png,streetwear,3,jacket,streetwear,3,0.6398782730102539,formal,0.2412566989660263,0.3986215740442276,0.4464772939682007,True,0.2412567,0.07241985,0.046445135,0.6398783,False,False,False,False,True,False
real_world_test,real_world_test,..\dataset\real_world_test\streetwear\jacket\streetwear_jacket_rw_003.png,streetwear_jacket_rw_003.png,streetwear,3,jacket,gothic,1,0.36774906516075134,streetwear,0.3588377833366394,0.008911281824111938,1.0248849391937256,False,0.21278435,0.36774907,0.060628794,0.35883778,True,False,True,True,True,True
real_world_test,real_world_test,..\dataset\real_world_test\streetwear\jacket\streetwear_jacket_rw_004.png,streetwear_jacket_rw_004.png,streetwear,3,jacket,streetwear,3,0.7060273885726929,sporty,0.1507646143436432,0.5552627742290497,0.3481012284755707,True,0.08925439,0.05395361,0.15076461,0.7060274,False,False,False,False,True,False
real_world_test,real_world_test,..\dataset\real_world_test\streetwear\jacket\streetwear_jacket_rw_005.png,streetwear_jacket_rw_005.png,streetwear,3,jacket,formal,0,0.7683066725730896,gothic,0.16144348680973053,0.6068631857633591,3.3816721439361572,False,0.7683067,0.16144349,0.036259267,0.03399057,True,True,False,False,False,False
real_world_test,real_world_test,..\dataset\real_world_test\streetwear\pants\streetwear_pants_rw_001.png,streetwear_pants_rw_001.png,streetwear,3,pants,streetwear,3,0.517084538936615,formal,0.21866710484027863,0.29841743409633636,0.6595488786697388,True,0.2186671,0.09313979,0.17110854,0.51708454,False,False,False,True,True,True
real_world_test,real_world_test,..\dataset\real_world_test\streetwear\pants\streetwear_pants_rw_002.png,streetwear_pants_rw_002.png,streetwear,3,pants,streetwear,3,0.3453943729400635,sporty,0.32704514265060425,0.01834923028945923,1.0630683898925781,True,0.14161529,0.18594527,0.32704514,0.34539437,False,True,True,True,True,True
real_world_test,real_world_test,..\dataset\real_world_test\streetwear\pants\streetwear_pants_rw_003.png,streetwear_pants_rw_003.png,streetwear,3,pants,formal,0,0.5758457779884338,streetwear,0.28065189719200134,0.2951938807964325,1.270640254020691,False,0.5758458,0.055754047,0.0877483,0.2806519,True,True,False,True,True,True
real_world_test,real_world_test,..\dataset\real_world_test\streetwear\pants\streetwear_pants_rw_004.png,streetwear_pants_rw_004.png,streetwear,3,pants,streetwear,3,0.5151929259300232,sporty,0.23975209891796112,0.2754408270120621,0.6632137894630432,True,0.1612576,0.08379734,0.2397521,0.5151929,False,False,False,True,True,True
real_world_test,real_world_test,..\dataset\real_world_test\streetwear\pants\streetwear_pants_rw_005.png,streetwear_pants_rw_005.png,streetwear,3,pants,gothic,1,0.39773234724998474,streetwear,0.37628471851348877,0.02144762873649597,0.9774091243743896,False,0.12792337,0.39773235,0.0980596,0.37628472,True,False,True,True,True,True
real_world_test,real_world_test,..\dataset\real_world_test\streetwear\shoes\streetwear_shoes_rw_001.png,streetwear_shoes_rw_001.png,streetwear,3,shoes,streetwear,3,0.6185236573219299,formal,0.13560082018375397,0.48292283713817596,0.4804198145866394,True,0.13560082,0.12124477,0.12463074,0.61852366,False,False,False,False,True,False
real_world_test,real_world_test,..\dataset\real_world_test\streetwear\shoes\streetwear_shoes_rw_002.png,streetwear_shoes_rw_002.png,streetwear,3,shoes,sporty,2,0.6223966479301453,streetwear,0.30186787247657776,0.3205287754535675,1.197765827178955,False,0.06245903,0.013276474,0.62239665,0.30186787,True,True,False,False,True,True
real_world_test,real_world_test,..\dataset\real_world_test\streetwear\shoes\streetwear_shoes_rw_003.png,streetwear_shoes_rw_003.png,streetwear,3,shoes,streetwear,3,0.6249916553497314,formal,0.16268782317638397,0.4623038321733475,0.4700169861316681,True,0.16268782,0.12519155,0.08712901,0.62499166,False,False,False,False,True,False
real_world_test,real_world_test,..\dataset\real_world_test\streetwear\shoes\streetwear_shoes_rw_004.png,streetwear_shoes_rw_004.png,streetwear,3,shoes,streetwear,3,0.6727371215820312,gothic,0.20164485275745392,0.47109226882457733,0.3964006304740906,True,0.078831024,0.20164485,0.04678703,0.6727371,False,False,False,False,True,False
real_world_test,real_world_test,..\dataset\real_world_test\streetwear\shoes\streetwear_shoes_rw_005.png,streetwear_shoes_rw_005.png,streetwear,3,shoes,gothic,1,0.49943843483924866,streetwear,0.3699552118778229,0.12948322296142578,0.9943732619285583,False,0.06336583,0.49943843,0.06724046,0.3699552,True,False,True,True,True,True
real_world_test,real_world_test,..\dataset\real_world_test\streetwear\tshirt\streetwear_tshirt_rw_001.png,streetwear_tshirt_rw_001.png,streetwear,3,tshirt,streetwear,3,0.8631914258003235,gothic,0.06471848487854004,0.7984729409217834,0.14711882174015045,True,0.049477026,0.064718485,0.022613054,0.8631914,False,False,False,False,True,False
real_world_test,real_world_test,..\dataset\real_world_test\streetwear\tshirt\streetwear_tshirt_rw_002.png,streetwear_tshirt_rw_002.png,streetwear,3,tshirt,streetwear,3,0.9783567786216736,sporty,0.014463064260780811,0.9638937143608928,0.02188088372349739,True,0.0031466656,0.004033467,0.014463064,0.9783568,False,False,False,False,True,False
real_world_test,real_world_test,..\dataset\real_world_test\streetwear\tshirt\streetwear_tshirt_rw_003.png,streetwear_tshirt_rw_003.png,streetwear,3,tshirt,streetwear,3,0.3971836566925049,sporty,0.31228408217430115,0.08489957451820374,0.9233564734458923,True,0.23225754,0.05827469,0.31228408,0.39718366,False,False,True,True,True,True
real_world_test,real_world_test,..\dataset\real_world_test\streetwear\tshirt\streetwear_tshirt_rw_004.png,streetwear_tshirt_rw_004.png,streetwear,3,tshirt,streetwear,3,0.5238959193229675,sporty,0.4051111936569214,0.11878472566604614,0.6464622020721436,True,0.015340064,0.05565282,0.4051112,0.5238959,False,False,True,True,True,True
real_world_test,real_world_test,..\dataset\real_world_test\streetwear\tshirt\streetwear_tshirt_rw_005.png,streetwear_tshirt_rw_005.png,streetwear,3,tshirt,streetwear,3,0.6918151378631592,sporty,0.13175910711288452,0.5600560307502747,0.3684364855289459,True,0.07125379,0.10517196,0.1317591,0.69181514,False,False,False,False,True,False
