,precision,recall,f1-score,support
formal,0.8571428571428571,0.3,0.4444444444444444,20.0
gothic,0.3191489361702128,0.75,0.44776119402985076,20.0
sporty,0.5,0.6,0.5454545454545454,20.0
streetwear,0.5,0.05,0.09090909090909091,20.0
accuracy,0.425,0.425,0.425,0.425
macro avg,0.5440729483282675,0.425,0.38214231870948284,80.0
weighted avg,0.5440729483282675,0.425,0.3821423187094829,80.0
