,precision,recall,f1-score,support
formal,1.0,0.9666666666666667,0.9830508474576272,30.0
gothic,1.0,0.9666666666666667,0.9830508474576272,30.0
sporty,0.8787878787878788,0.9666666666666667,0.9206349206349206,30.0
streetwear,0.896551724137931,0.8666666666666667,0.8813559322033898,30.0
accuracy,0.9416666666666667,0.9416666666666667,0.9416666666666667,0.9416666666666667
macro avg,0.9438349007314525,0.9416666666666667,0.9420231369383911,120.0
weighted avg,0.9438349007314525,0.9416666666666667,0.9420231369383913,120.0
