,precision,recall,f1-score,support
jacket,0.7142857142857143,1.0,0.8333333333333334,5.0
pants,1.0,0.8,0.8888888888888888,5.0
shoes,1.0,0.8,0.8888888888888888,5.0
tshirt,1.0,1.0,1.0,5.0
accuracy,0.9,0.9,0.9,0.9
macro avg,0.9285714285714286,0.9,0.9027777777777778,20.0
weighted avg,0.9285714285714285,0.9,0.9027777777777779,20.0
