,precision,recall,f1-score,support
jacket,0.7307692307692307,0.95,0.8260869565217391,20.0
pants,1.0,0.75,0.8571428571428571,20.0
shoes,1.0,1.0,1.0,20.0
tshirt,0.8947368421052632,0.85,0.8717948717948718,20.0
accuracy,0.8875,0.8875,0.8875,0.8875
macro avg,0.9063765182186235,0.8875000000000001,0.888756171364867,80.0
weighted avg,0.9063765182186234,0.8875,0.8887561713648668,80.0
