,precision,recall,f1-score,support
formal,0.8666666666666667,0.65,0.7428571428571429,20.0
gothic,0.8888888888888888,0.4,0.5517241379310345,20.0
sporty,0.75,0.45,0.5625,20.0
streetwear,0.4090909090909091,0.9,0.5625,20.0
accuracy,0.6,0.6,0.6,0.6
macro avg,0.7286616161616162,0.6,0.6048953201970444,80.0
weighted avg,0.7286616161616162,0.6,0.6048953201970443,80.0
