,precision,recall,f1-score,support
formal,1.0,0.8666666666666667,0.9285714285714286,30.0
gothic,1.0,0.9333333333333333,0.9655172413793104,30.0
sporty,0.7741935483870968,0.8,0.7868852459016393,30.0
streetwear,0.7428571428571429,0.8666666666666667,0.8,30.0
accuracy,0.8666666666666667,0.8666666666666667,0.8666666666666667,0.8666666666666667
macro avg,0.87926267281106,0.8666666666666667,0.8702434789630946,120.0
weighted avg,0.8792626728110597,0.8666666666666667,0.8702434789630946,120.0
