,precision,recall,f1-score,support
jacket,0.8333333333333334,1.0,0.9090909090909091,5.0
pants,0.8,0.8,0.8,5.0
shoes,1.0,1.0,1.0,5.0
tshirt,1.0,0.8,0.8888888888888888,5.0
accuracy,0.9,0.9,0.9,0.9
macro avg,0.9083333333333333,0.8999999999999999,0.8994949494949495,20.0
weighted avg,0.9083333333333334,0.9,0.8994949494949495,20.0
