,precision,recall,f1-score,support
jacket,0.8,0.6,0.6857142857142857,20.0
pants,0.68,0.85,0.7555555555555555,20.0
shoes,0.8,1.0,0.8888888888888888,20.0
tshirt,0.7333333333333333,0.55,0.6285714285714286,20.0
accuracy,0.75,0.75,0.75,0.75
macro avg,0.7533333333333334,0.75,0.7396825396825396,80.0
weighted avg,0.7533333333333333,0.75,0.7396825396825397,80.0
