,precision,recall,f1-score,support
formal,0.6666666666666666,0.3,0.41379310344827586,20.0
gothic,0.40425531914893614,0.95,0.5671641791044776,20.0
sporty,0.5416666666666666,0.65,0.5909090909090909,20.0
streetwear,0.0,0.0,0.0,20.0
accuracy,0.475,0.475,0.475,0.475
macro avg,0.4031471631205673,0.475,0.39296659336546114,80.0
weighted avg,0.4031471631205673,0.475,0.39296659336546114,80.0
